partID,order,condition,score,Ntrial,imgID,block,Tshape,Tcolor,Tsize,DFT,NTOTobjs,NRSobjs,NTOTcolors,NsamesizeRS,NdiffsizeRS,Qevent,Nquestions,informativeness,Qtype
1,A,C,1,1,21,A,circle,yellow,big,0.0633,6,5,4,2,3,no,0,NA,NA
1,A,C,1,2,15,A,square,green,big,0.0335,5,3,3,2,1,no,0,NA,NA
1,A,C,0,3,25,A,triangle,white,small,0.1462,9,4,5,3,1,no,0,NA,NA
1,A,C,0,4,29,A,circle,green,small,0.0541,6,4,5,3,1,no,0,NA,NA
1,A,C,1,5,9,A,triangle,blue,big,0.0575,5,3,3,2,1,no,0,NA,NA
1,A,C,1,6,30,A,square,red,small,0.2043,6,3,4,2,1,no,0,NA,NA
1,A,C,1,7,16,A,triangle,yellow,big,0.003,5,4,3,2,2,no,0,NA,NA
1,A,C,1,8,31,A,square,yellow,small,0.1783,5,3,3,2,1,no,0,NA,NA
1,A,C,0,9,3,B,rectangle,white,small,0.0032,9,4,5,3,1,no,0,NA,NA
1,A,C,1,10,19,B,rectangle,red,big,0.1169,8,4,4,2,2,no,0,NA,NA
1,A,C,0,11,20,B,circle,green,big,0.0416,6,3,4,2,1,no,0,NA,NA
1,A,C,1,12,17,B,triangle,white,big,0.0868,6,4,5,2,2,no,0,NA,NA
1,A,C,1,13,4,B,circle,green,small,0.1478,6,4,4,2,2,no,0,NA,NA
1,A,C,1,14,8,B,triangle,blue,big,0.1491,7,5,5,2,3,no,0,NA,NA
1,A,C,0,15,2,B,rectangle,green,small,0.1966,8,4,3,3,1,no,0,NA,NA
1,A,C,1,16,10,B,rectangle,white,big,0.0515,6,3,3,2,1,no,0,NA,NA
1,A,C,0,17,1,C,triangle,blue,small,0.0472,9,3,5,2,1,no,0,NA,NA
1,A,C,1,18,23,C,square,blue,big,0.163,5,4,4,2,2,no,0,NA,NA
1,A,C,1,19,14,C,square,red,big,0.0122,6,4,3,2,2,no,0,NA,NA
1,A,C,0,20,7,C,square,blue,small,0.0673,7,5,5,4,1,no,0,NA,NA
1,A,C,1,21,6,C,square,green,small,0.0976,5,4,4,2,2,no,0,NA,NA
1,A,C,0,22,11,C,rectangle,red,big,0.0565,9,4,5,3,1,no,0,NA,NA
1,A,C,0,23,26,C,rectangle,blue,small,0.1361,8,4,5,3,1,no,0,NA,NA
1,A,C,0,24,13,C,circle,white,big,0.0692,8,6,5,3,3,no,0,NA,NA
1,A,C,1,25,27,D,rectangle,green,small,0.0438,6,3,4,2,1,no,0,NA,NA
1,A,C,1,26,24,D,triangle,blue,small,0.0332,5,4,3,3,1,no,0,NA,NA
1,A,C,0,27,0,D,triangle,yellow,small,0.1932,7,6,4,5,1,no,0,NA,NA
1,A,C,1,28,28,D,circle,yellow,small,0.153,6,4,4,2,2,no,0,NA,NA
1,A,C,0,29,18,D,rectangle,yellow,big,0.0225,9,3,4,2,1,no,0,NA,NA
1,A,C,1,30,12,D,circle,blue,big,0.2068,7,4,4,2,2,no,0,NA,NA
1,A,C,1,31,5,D,circle,white,small,0.1415,9,4,5,3,1,no,0,NA,NA
1,A,C,1,32,22,D,square,green,big,0.0669,5,4,4,2,2,no,0,NA,NA
2,A,C,1,1,21,A,circle,yellow,big,0.0633,6,5,4,2,3,no,0,NA,NA
2,A,C,1,2,15,A,square,green,big,0.0335,5,3,3,2,1,no,0,NA,NA
2,A,C,0,3,25,A,triangle,white,small,0.1462,9,4,5,3,1,no,0,NA,NA
2,A,C,0,4,29,A,circle,green,small,0.0541,6,4,5,3,1,no,0,NA,NA
2,A,C,1,5,9,A,triangle,blue,big,0.0575,5,3,3,2,1,no,0,NA,NA
2,A,C,0,6,30,A,square,red,small,0.2043,6,3,4,2,1,no,0,NA,NA
2,A,C,0,7,16,A,triangle,yellow,big,0.003,5,4,3,2,2,no,0,NA,NA
2,A,C,1,8,31,A,square,yellow,small,0.1783,5,3,3,2,1,no,0,NA,NA
2,A,C,0,9,3,B,rectangle,white,small,0.0032,9,4,5,3,1,no,0,NA,NA
2,A,C,1,10,19,B,rectangle,red,big,0.1169,8,4,4,2,2,no,0,NA,NA
2,A,C,1,11,20,B,circle,green,big,0.0416,6,3,4,2,1,no,0,NA,NA
2,A,C,1,12,17,B,triangle,white,big,0.0868,6,4,5,2,2,no,0,NA,NA
2,A,C,1,13,4,B,circle,green,small,0.1478,6,4,4,2,2,no,0,NA,NA
2,A,C,1,14,8,B,triangle,blue,big,0.1491,7,5,5,2,3,no,0,NA,NA
2,A,C,1,15,2,B,rectangle,green,small,0.1966,8,4,3,3,1,no,0,NA,NA
2,A,C,0,16,10,B,rectangle,white,big,0.0515,6,3,3,2,1,no,0,NA,NA
2,A,C,0,17,1,C,triangle,blue,small,0.0472,9,3,5,2,1,no,0,NA,NA
2,A,C,1,18,23,C,square,blue,big,0.163,5,4,4,2,2,no,0,NA,NA
2,A,C,1,19,14,C,square,red,big,0.0122,6,4,3,2,2,no,0,NA,NA
2,A,C,0,20,7,C,square,blue,small,0.0673,7,5,5,4,1,no,0,NA,NA
2,A,C,0,21,6,C,square,green,small,0.0976,5,4,4,2,2,no,0,NA,NA
2,A,C,0,22,11,C,rectangle,red,big,0.0565,9,4,5,3,1,no,0,NA,NA
2,A,C,1,23,26,C,rectangle,blue,small,0.1361,8,4,5,3,1,no,0,NA,NA
2,A,C,1,24,13,C,circle,white,big,0.0692,8,6,5,3,3,no,0,NA,NA
2,A,C,0,25,27,D,rectangle,green,small,0.0438,6,3,4,2,1,no,0,NA,NA
2,A,C,0,26,24,D,triangle,blue,small,0.0332,5,4,3,3,1,no,0,NA,NA
2,A,C,1,27,0,D,triangle,yellow,small,0.1932,7,6,4,5,1,no,0,NA,NA
2,A,C,1,28,28,D,circle,yellow,small,0.153,6,4,4,2,2,no,0,NA,NA
2,A,C,1,29,18,D,rectangle,yellow,big,0.0225,9,3,4,2,1,no,0,NA,NA
2,A,C,1,30,12,D,circle,blue,big,0.2068,7,4,4,2,2,no,0,NA,NA
2,A,C,0,31,5,D,circle,white,small,0.1415,9,4,5,3,1,no,0,NA,NA
2,A,C,1,32,22,D,square,green,big,0.0669,5,4,4,2,2,no,0,NA,NA
3,A,C,1,1,21,A,circle,yellow,big,0.0633,6,5,4,2,3,no,0,NA,NA
3,A,C,1,2,15,A,square,green,big,0.0335,5,3,3,2,1,no,0,NA,NA
3,A,C,1,3,25,A,triangle,white,small,0.1462,9,4,5,3,1,no,0,NA,NA
3,A,C,0,4,29,A,circle,green,small,0.0541,6,4,5,3,1,no,0,NA,NA
3,A,C,1,5,9,A,triangle,blue,big,0.0575,5,3,3,2,1,no,0,NA,NA
3,A,C,1,6,30,A,square,red,small,0.2043,6,3,4,2,1,no,0,NA,NA
3,A,C,1,7,16,A,triangle,yellow,big,0.003,5,4,3,2,2,no,0,NA,NA
3,A,C,1,8,31,A,square,yellow,small,0.1783,5,3,3,2,1,no,0,NA,NA
3,A,C,0,9,3,B,rectangle,white,small,0.0032,9,4,5,3,1,no,0,NA,NA
3,A,C,1,10,19,B,rectangle,red,big,0.1169,8,4,4,2,2,no,0,NA,NA
3,A,C,1,11,20,B,circle,green,big,0.0416,6,3,4,2,1,no,0,NA,NA
3,A,C,1,12,17,B,triangle,white,big,0.0868,6,4,5,2,2,no,0,NA,NA
3,A,C,0,13,4,B,circle,green,small,0.1478,6,4,4,2,2,no,0,NA,NA
3,A,C,0,14,8,B,triangle,blue,big,0.1491,7,5,5,2,3,no,0,NA,NA
3,A,C,1,15,2,B,rectangle,green,small,0.1966,8,4,3,3,1,no,0,NA,NA
3,A,C,1,16,10,B,rectangle,white,big,0.0515,6,3,3,2,1,no,0,NA,NA
3,A,C,0,17,1,C,triangle,blue,small,0.0472,9,3,5,2,1,no,0,NA,NA
3,A,C,1,18,23,C,square,blue,big,0.163,5,4,4,2,2,no,0,NA,NA
3,A,C,1,19,14,C,square,red,big,0.0122,6,4,3,2,2,no,0,NA,NA
3,A,C,0,20,7,C,square,blue,small,0.0673,7,5,5,4,1,no,0,NA,NA
3,A,C,1,21,6,C,square,green,small,0.0976,5,4,4,2,2,no,0,NA,NA
3,A,C,1,22,11,C,rectangle,red,big,0.0565,9,4,5,3,1,no,0,NA,NA
3,A,C,1,23,26,C,rectangle,blue,small,0.1361,8,4,5,3,1,no,0,NA,NA
3,A,C,1,24,13,C,circle,white,big,0.0692,8,6,5,3,3,no,0,NA,NA
3,A,C,1,25,27,D,rectangle,green,small,0.0438,6,3,4,2,1,no,0,NA,NA
3,A,C,0,26,24,D,triangle,blue,small,0.0332,5,4,3,3,1,no,0,NA,NA
3,A,C,1,27,0,D,triangle,yellow,small,0.1932,7,6,4,5,1,no,0,NA,NA
3,A,C,1,28,28,D,circle,yellow,small,0.153,6,4,4,2,2,no,0,NA,NA
3,A,C,0,29,18,D,rectangle,yellow,big,0.0225,9,3,4,2,1,no,0,NA,NA
3,A,C,1,30,12,D,circle,blue,big,0.2068,7,4,4,2,2,no,0,NA,NA
3,A,C,1,31,5,D,circle,white,small,0.1415,9,4,5,3,1,no,0,NA,NA
3,A,C,1,32,22,D,square,green,big,0.0669,5,4,4,2,2,no,0,NA,NA
4,A,C,0,1,21,A,circle,yellow,big,0.0633,6,5,4,2,3,no,0,NA,NA
4,A,C,1,2,15,A,square,green,big,0.0335,5,3,3,2,1,no,0,NA,NA
4,A,C,0,3,25,A,triangle,white,small,0.1462,9,4,5,3,1,no,0,NA,NA
4,A,C,0,4,29,A,circle,green,small,0.0541,6,4,5,3,1,no,0,NA,NA
4,A,C,0,5,9,A,triangle,blue,big,0.0575,5,3,3,2,1,no,0,NA,NA
4,A,C,1,6,30,A,square,red,small,0.2043,6,3,4,2,1,no,0,NA,NA
4,A,C,1,7,16,A,triangle,yellow,big,0.003,5,4,3,2,2,no,0,NA,NA
4,A,C,0,8,31,A,square,yellow,small,0.1783,5,3,3,2,1,no,0,NA,NA
4,A,C,1,9,3,B,rectangle,white,small,0.0032,9,4,5,3,1,no,0,NA,NA
4,A,C,0,10,19,B,rectangle,red,big,0.1169,8,4,4,2,2,no,0,NA,NA
4,A,C,1,11,20,B,circle,green,big,0.0416,6,3,4,2,1,no,0,NA,NA
4,A,C,1,12,17,B,triangle,white,big,0.0868,6,4,5,2,2,no,0,NA,NA
4,A,C,1,13,4,B,circle,green,small,0.1478,6,4,4,2,2,no,0,NA,NA
4,A,C,1,14,8,B,triangle,blue,big,0.1491,7,5,5,2,3,no,0,NA,NA
4,A,C,0,15,2,B,rectangle,green,small,0.1966,8,4,3,3,1,no,0,NA,NA
4,A,C,1,16,10,B,rectangle,white,big,0.0515,6,3,3,2,1,no,0,NA,NA
4,A,C,0,17,1,C,triangle,blue,small,0.0472,9,3,5,2,1,no,0,NA,NA
4,A,C,0,18,23,C,square,blue,big,0.163,5,4,4,2,2,no,0,NA,NA
4,A,C,1,19,14,C,square,red,big,0.0122,6,4,3,2,2,no,0,NA,NA
4,A,C,1,20,7,C,square,blue,small,0.0673,7,5,5,4,1,no,0,NA,NA
4,A,C,1,21,6,C,square,green,small,0.0976,5,4,4,2,2,no,0,NA,NA
4,A,C,0,22,11,C,rectangle,red,big,0.0565,9,4,5,3,1,no,0,NA,NA
4,A,C,1,23,26,C,rectangle,blue,small,0.1361,8,4,5,3,1,no,0,NA,NA
4,A,C,0,24,13,C,circle,white,big,0.0692,8,6,5,3,3,no,0,NA,NA
4,A,C,0,25,27,D,rectangle,green,small,0.0438,6,3,4,2,1,no,0,NA,NA
4,A,C,0,26,24,D,triangle,blue,small,0.0332,5,4,3,3,1,no,0,NA,NA
4,A,C,1,27,0,D,triangle,yellow,small,0.1932,7,6,4,5,1,no,0,NA,NA
4,A,C,1,28,28,D,circle,yellow,small,0.153,6,4,4,2,2,no,0,NA,NA
4,A,C,1,29,18,D,rectangle,yellow,big,0.0225,9,3,4,2,1,no,0,NA,NA
4,A,C,1,30,12,D,circle,blue,big,0.2068,7,4,4,2,2,no,0,NA,NA
4,A,C,1,31,5,D,circle,white,small,0.1415,9,4,5,3,1,no,0,NA,NA
4,A,C,0,32,22,D,square,green,big,0.0669,5,4,4,2,2,no,0,NA,NA
5,A,C,1,1,21,A,circle,yellow,big,0.0633,6,5,4,2,3,no,0,NA,NA
5,A,C,1,2,15,A,square,green,big,0.0335,5,3,3,2,1,no,0,NA,NA
5,A,C,0,3,25,A,triangle,white,small,0.1462,9,4,5,3,1,no,0,NA,NA
5,A,C,0,4,29,A,circle,green,small,0.0541,6,4,5,3,1,no,0,NA,NA
5,A,C,1,5,9,A,triangle,blue,big,0.0575,5,3,3,2,1,no,0,NA,NA
5,A,C,1,6,30,A,square,red,small,0.2043,6,3,4,2,1,no,0,NA,NA
5,A,C,1,7,16,A,triangle,yellow,big,0.003,5,4,3,2,2,no,0,NA,NA
5,A,C,0,8,31,A,square,yellow,small,0.1783,5,3,3,2,1,no,0,NA,NA
5,A,C,0,9,3,B,rectangle,white,small,0.0032,9,4,5,3,1,no,0,NA,NA
5,A,C,1,10,19,B,rectangle,red,big,0.1169,8,4,4,2,2,no,0,NA,NA
5,A,C,0,11,20,B,circle,green,big,0.0416,6,3,4,2,1,no,0,NA,NA
5,A,C,1,12,17,B,triangle,white,big,0.0868,6,4,5,2,2,no,0,NA,NA
5,A,C,1,13,4,B,circle,green,small,0.1478,6,4,4,2,2,no,0,NA,NA
5,A,C,1,14,8,B,triangle,blue,big,0.1491,7,5,5,2,3,no,0,NA,NA
5,A,C,0,15,2,B,rectangle,green,small,0.1966,8,4,3,3,1,no,0,NA,NA
5,A,C,1,16,10,B,rectangle,white,big,0.0515,6,3,3,2,1,no,0,NA,NA
5,A,C,0,17,1,C,triangle,blue,small,0.0472,9,3,5,2,1,no,0,NA,NA
5,A,C,1,18,23,C,square,blue,big,0.163,5,4,4,2,2,no,0,NA,NA
5,A,C,1,19,14,C,square,red,big,0.0122,6,4,3,2,2,no,0,NA,NA
5,A,C,0,20,7,C,square,blue,small,0.0673,7,5,5,4,1,no,0,NA,NA
5,A,C,1,21,6,C,square,green,small,0.0976,5,4,4,2,2,no,0,NA,NA
5,A,C,1,22,11,C,rectangle,red,big,0.0565,9,4,5,3,1,no,0,NA,NA
5,A,C,0,23,26,C,rectangle,blue,small,0.1361,8,4,5,3,1,no,0,NA,NA
5,A,C,1,24,13,C,circle,white,big,0.0692,8,6,5,3,3,no,0,NA,NA
5,A,C,0,25,27,D,rectangle,green,small,0.0438,6,3,4,2,1,no,0,NA,NA
5,A,C,0,26,24,D,triangle,blue,small,0.0332,5,4,3,3,1,no,0,NA,NA
5,A,C,1,27,0,D,triangle,yellow,small,0.1932,7,6,4,5,1,no,0,NA,NA
5,A,C,1,28,28,D,circle,yellow,small,0.153,6,4,4,2,2,no,0,NA,NA
5,A,C,1,29,18,D,rectangle,yellow,big,0.0225,9,3,4,2,1,no,0,NA,NA
5,A,C,1,30,12,D,circle,blue,big,0.2068,7,4,4,2,2,no,0,NA,NA
5,A,C,1,31,5,D,circle,white,small,0.1415,9,4,5,3,1,no,0,NA,NA
5,A,C,1,32,22,D,square,green,big,0.0669,5,4,4,2,2,no,0,NA,NA
6,A,C,0,1,21,A,circle,yellow,big,0.0633,6,5,4,2,3,no,0,NA,NA
6,A,C,1,2,15,A,square,green,big,0.0335,5,3,3,2,1,no,0,NA,NA
6,A,C,1,3,25,A,triangle,white,small,0.1462,9,4,5,3,1,no,0,NA,NA
6,A,C,0,4,29,A,circle,green,small,0.0541,6,4,5,3,1,no,0,NA,NA
6,A,C,1,5,9,A,triangle,blue,big,0.0575,5,3,3,2,1,no,0,NA,NA
6,A,C,1,6,30,A,square,red,small,0.2043,6,3,4,2,1,no,0,NA,NA
6,A,C,1,7,16,A,triangle,yellow,big,0.003,5,4,3,2,2,no,0,NA,NA
6,A,C,1,8,31,A,square,yellow,small,0.1783,5,3,3,2,1,no,0,NA,NA
6,A,C,0,9,3,B,rectangle,white,small,0.0032,9,4,5,3,1,no,0,NA,NA
6,A,C,0,10,19,B,rectangle,red,big,0.1169,8,4,4,2,2,no,0,NA,NA
6,A,C,1,11,20,B,circle,green,big,0.0416,6,3,4,2,1,no,0,NA,NA
6,A,C,1,12,17,B,triangle,white,big,0.0868,6,4,5,2,2,no,0,NA,NA
6,A,C,0,13,4,B,circle,green,small,0.1478,6,4,4,2,2,no,0,NA,NA
6,A,C,1,14,8,B,triangle,blue,big,0.1491,7,5,5,2,3,no,0,NA,NA
6,A,C,1,15,2,B,rectangle,green,small,0.1966,8,4,3,3,1,no,0,NA,NA
6,A,C,1,16,10,B,rectangle,white,big,0.0515,6,3,3,2,1,no,0,NA,NA
6,A,C,1,17,1,C,triangle,blue,small,0.0472,9,3,5,2,1,no,0,NA,NA
6,A,C,1,18,23,C,square,blue,big,0.163,5,4,4,2,2,no,0,NA,NA
6,A,C,0,19,14,C,square,red,big,0.0122,6,4,3,2,2,no,0,NA,NA
6,A,C,0,20,7,C,square,blue,small,0.0673,7,5,5,4,1,no,0,NA,NA
6,A,C,1,21,6,C,square,green,small,0.0976,5,4,4,2,2,no,0,NA,NA
6,A,C,1,22,11,C,rectangle,red,big,0.0565,9,4,5,3,1,no,0,NA,NA
6,A,C,0,23,26,C,rectangle,blue,small,0.1361,8,4,5,3,1,no,0,NA,NA
6,A,C,1,24,13,C,circle,white,big,0.0692,8,6,5,3,3,no,0,NA,NA
6,A,C,1,25,27,D,rectangle,green,small,0.0438,6,3,4,2,1,no,0,NA,NA
6,A,C,1,26,24,D,triangle,blue,small,0.0332,5,4,3,3,1,no,0,NA,NA
6,A,C,1,27,0,D,triangle,yellow,small,0.1932,7,6,4,5,1,no,0,NA,NA
6,A,C,1,28,28,D,circle,yellow,small,0.153,6,4,4,2,2,no,0,NA,NA
6,A,C,1,29,18,D,rectangle,yellow,big,0.0225,9,3,4,2,1,no,0,NA,NA
6,A,C,1,30,12,D,circle,blue,big,0.2068,7,4,4,2,2,no,0,NA,NA
6,A,C,0,31,5,D,circle,white,small,0.1415,9,4,5,3,1,no,0,NA,NA
6,A,C,0,32,22,D,square,green,big,0.0669,5,4,4,2,2,no,0,NA,NA
7,A,C,1,1,21,A,circle,yellow,big,0.0633,6,5,4,2,3,no,0,NA,NA
7,A,C,1,2,15,A,square,green,big,0.0335,5,3,3,2,1,no,0,NA,NA
7,A,C,0,3,25,A,triangle,white,small,0.1462,9,4,5,3,1,no,0,NA,NA
7,A,C,0,4,29,A,circle,green,small,0.0541,6,4,5,3,1,no,0,NA,NA
7,A,C,0,5,9,A,triangle,blue,big,0.0575,5,3,3,2,1,no,0,NA,NA
7,A,C,1,6,30,A,square,red,small,0.2043,6,3,4,2,1,no,0,NA,NA
7,A,C,0,7,16,A,triangle,yellow,big,0.003,5,4,3,2,2,no,0,NA,NA
7,A,C,0,8,31,A,square,yellow,small,0.1783,5,3,3,2,1,no,0,NA,NA
7,A,C,0,9,3,B,rectangle,white,small,0.0032,9,4,5,3,1,no,0,NA,NA
7,A,C,1,10,19,B,rectangle,red,big,0.1169,8,4,4,2,2,no,0,NA,NA
7,A,C,1,11,20,B,circle,green,big,0.0416,6,3,4,2,1,no,0,NA,NA
7,A,C,1,12,17,B,triangle,white,big,0.0868,6,4,5,2,2,no,0,NA,NA
7,A,C,1,13,4,B,circle,green,small,0.1478,6,4,4,2,2,no,0,NA,NA
7,A,C,0,14,8,B,triangle,blue,big,0.1491,7,5,5,2,3,no,0,NA,NA
7,A,C,1,15,2,B,rectangle,green,small,0.1966,8,4,3,3,1,no,0,NA,NA
7,A,C,1,16,10,B,rectangle,white,big,0.0515,6,3,3,2,1,no,0,NA,NA
7,A,C,1,17,1,C,triangle,blue,small,0.0472,9,3,5,2,1,no,0,NA,NA
7,A,C,1,18,23,C,square,blue,big,0.163,5,4,4,2,2,no,0,NA,NA
7,A,C,0,19,14,C,square,red,big,0.0122,6,4,3,2,2,no,0,NA,NA
7,A,C,0,20,7,C,square,blue,small,0.0673,7,5,5,4,1,no,0,NA,NA
7,A,C,1,21,6,C,square,green,small,0.0976,5,4,4,2,2,no,0,NA,NA
7,A,C,1,22,11,C,rectangle,red,big,0.0565,9,4,5,3,1,no,0,NA,NA
7,A,C,1,23,26,C,rectangle,blue,small,0.1361,8,4,5,3,1,no,0,NA,NA
7,A,C,0,24,13,C,circle,white,big,0.0692,8,6,5,3,3,no,0,NA,NA
7,A,C,1,25,27,D,rectangle,green,small,0.0438,6,3,4,2,1,no,0,NA,NA
7,A,C,0,26,24,D,triangle,blue,small,0.0332,5,4,3,3,1,no,0,NA,NA
7,A,C,1,27,0,D,triangle,yellow,small,0.1932,7,6,4,5,1,no,0,NA,NA
7,A,C,1,28,28,D,circle,yellow,small,0.153,6,4,4,2,2,no,0,NA,NA
7,A,C,1,29,18,D,rectangle,yellow,big,0.0225,9,3,4,2,1,no,0,NA,NA
7,A,C,1,30,12,D,circle,blue,big,0.2068,7,4,4,2,2,no,0,NA,NA
7,A,C,1,31,5,D,circle,white,small,0.1415,9,4,5,3,1,no,0,NA,NA
7,A,C,1,32,22,D,square,green,big,0.0669,5,4,4,2,2,no,0,NA,NA
8,A,C,1,1,21,A,circle,yellow,big,0.0633,6,5,4,2,3,no,0,NA,NA
8,A,C,1,2,15,A,square,green,big,0.0335,5,3,3,2,1,no,0,NA,NA
8,A,C,0,3,25,A,triangle,white,small,0.1462,9,4,5,3,1,no,0,NA,NA
8,A,C,0,4,29,A,circle,green,small,0.0541,6,4,5,3,1,no,0,NA,NA
8,A,C,1,5,9,A,triangle,blue,big,0.0575,5,3,3,2,1,no,0,NA,NA
8,A,C,1,6,30,A,square,red,small,0.2043,6,3,4,2,1,no,0,NA,NA
8,A,C,1,7,16,A,triangle,yellow,big,0.003,5,4,3,2,2,no,0,NA,NA
8,A,C,1,8,31,A,square,yellow,small,0.1783,5,3,3,2,1,no,0,NA,NA
8,A,C,1,9,3,B,rectangle,white,small,0.0032,9,4,5,3,1,no,0,NA,NA
8,A,C,0,10,19,B,rectangle,red,big,0.1169,8,4,4,2,2,no,0,NA,NA
8,A,C,0,11,20,B,circle,green,big,0.0416,6,3,4,2,1,no,0,NA,NA
8,A,C,1,12,17,B,triangle,white,big,0.0868,6,4,5,2,2,no,0,NA,NA
8,A,C,1,13,4,B,circle,green,small,0.1478,6,4,4,2,2,no,0,NA,NA
8,A,C,1,14,8,B,triangle,blue,big,0.1491,7,5,5,2,3,no,0,NA,NA
8,A,C,0,15,2,B,rectangle,green,small,0.1966,8,4,3,3,1,no,0,NA,NA
8,A,C,1,16,10,B,rectangle,white,big,0.0515,6,3,3,2,1,no,0,NA,NA
8,A,C,0,17,1,C,triangle,blue,small,0.0472,9,3,5,2,1,no,0,NA,NA
8,A,C,1,18,23,C,square,blue,big,0.163,5,4,4,2,2,no,0,NA,NA
8,A,C,1,19,14,C,square,red,big,0.0122,6,4,3,2,2,no,0,NA,NA
8,A,C,0,20,7,C,square,blue,small,0.0673,7,5,5,4,1,no,0,NA,NA
8,A,C,1,21,6,C,square,green,small,0.0976,5,4,4,2,2,no,0,NA,NA
8,A,C,1,22,11,C,rectangle,red,big,0.0565,9,4,5,3,1,no,0,NA,NA
8,A,C,0,23,26,C,rectangle,blue,small,0.1361,8,4,5,3,1,no,0,NA,NA
8,A,C,1,24,13,C,circle,white,big,0.0692,8,6,5,3,3,no,0,NA,NA
8,A,C,1,25,27,D,rectangle,green,small,0.0438,6,3,4,2,1,no,0,NA,NA
8,A,C,0,26,24,D,triangle,blue,small,0.0332,5,4,3,3,1,no,0,NA,NA
8,A,C,0,27,0,D,triangle,yellow,small,0.1932,7,6,4,5,1,no,0,NA,NA
8,A,C,1,28,28,D,circle,yellow,small,0.153,6,4,4,2,2,no,0,NA,NA
8,A,C,1,29,18,D,rectangle,yellow,big,0.0225,9,3,4,2,1,no,0,NA,NA
8,A,C,1,30,12,D,circle,blue,big,0.2068,7,4,4,2,2,no,0,NA,NA
8,A,C,1,31,5,D,circle,white,small,0.1415,9,4,5,3,1,no,0,NA,NA
8,A,C,1,32,22,D,square,green,big,0.0669,5,4,4,2,2,no,0,NA,NA
9,A,C,0,1,21,A,circle,yellow,big,0.0633,6,5,4,2,3,no,0,NA,NA
9,A,C,1,2,15,A,square,green,big,0.0335,5,3,3,2,1,no,0,NA,NA
9,A,C,0,3,25,A,triangle,white,small,0.1462,9,4,5,3,1,no,0,NA,NA
9,A,C,1,4,29,A,circle,green,small,0.0541,6,4,5,3,1,no,0,NA,NA
9,A,C,1,5,9,A,triangle,blue,big,0.0575,5,3,3,2,1,no,0,NA,NA
9,A,C,1,6,30,A,square,red,small,0.2043,6,3,4,2,1,no,0,NA,NA
9,A,C,1,7,16,A,triangle,yellow,big,0.003,5,4,3,2,2,no,0,NA,NA
9,A,C,0,8,31,A,square,yellow,small,0.1783,5,3,3,2,1,no,0,NA,NA
9,A,C,0,9,3,B,rectangle,white,small,0.0032,9,4,5,3,1,no,0,NA,NA
9,A,C,0,10,19,B,rectangle,red,big,0.1169,8,4,4,2,2,no,0,NA,NA
9,A,C,1,11,20,B,circle,green,big,0.0416,6,3,4,2,1,no,0,NA,NA
9,A,C,1,12,17,B,triangle,white,big,0.0868,6,4,5,2,2,no,0,NA,NA
9,A,C,0,13,4,B,circle,green,small,0.1478,6,4,4,2,2,no,0,NA,NA
9,A,C,1,14,8,B,triangle,blue,big,0.1491,7,5,5,2,3,no,0,NA,NA
9,A,C,1,15,2,B,rectangle,green,small,0.1966,8,4,3,3,1,no,0,NA,NA
9,A,C,1,16,10,B,rectangle,white,big,0.0515,6,3,3,2,1,no,0,NA,NA
9,A,C,0,17,1,C,triangle,blue,small,0.0472,9,3,5,2,1,no,0,NA,NA
9,A,C,1,18,23,C,square,blue,big,0.163,5,4,4,2,2,no,0,NA,NA
9,A,C,1,19,14,C,square,red,big,0.0122,6,4,3,2,2,no,0,NA,NA
9,A,C,1,20,7,C,square,blue,small,0.0673,7,5,5,4,1,no,0,NA,NA
9,A,C,0,21,6,C,square,green,small,0.0976,5,4,4,2,2,no,0,NA,NA
9,A,C,1,22,11,C,rectangle,red,big,0.0565,9,4,5,3,1,no,0,NA,NA
9,A,C,1,23,26,C,rectangle,blue,small,0.1361,8,4,5,3,1,no,0,NA,NA
9,A,C,0,24,13,C,circle,white,big,0.0692,8,6,5,3,3,no,0,NA,NA
9,A,C,0,25,27,D,rectangle,green,small,0.0438,6,3,4,2,1,no,0,NA,NA
9,A,C,1,26,24,D,triangle,blue,small,0.0332,5,4,3,3,1,no,0,NA,NA
9,A,C,1,27,0,D,triangle,yellow,small,0.1932,7,6,4,5,1,no,0,NA,NA
9,A,C,1,28,28,D,circle,yellow,small,0.153,6,4,4,2,2,no,0,NA,NA
9,A,C,1,29,18,D,rectangle,yellow,big,0.0225,9,3,4,2,1,no,0,NA,NA
9,A,C,1,30,12,D,circle,blue,big,0.2068,7,4,4,2,2,no,0,NA,NA
9,A,C,1,31,5,D,circle,white,small,0.1415,9,4,5,3,1,no,0,NA,NA
9,A,C,1,32,22,D,square,green,big,0.0669,5,4,4,2,2,no,0,NA,NA
10,A,C,0,1,21,A,circle,yellow,big,0.0633,6,5,4,2,3,no,0,NA,NA
10,A,C,1,2,15,A,square,green,big,0.0335,5,3,3,2,1,no,0,NA,NA
10,A,C,0,3,25,A,triangle,white,small,0.1462,9,4,5,3,1,no,0,NA,NA
10,A,C,1,4,29,A,circle,green,small,0.0541,6,4,5,3,1,no,0,NA,NA
10,A,C,1,5,9,A,triangle,blue,big,0.0575,5,3,3,2,1,no,0,NA,NA
10,A,C,0,6,30,A,square,red,small,0.2043,6,3,4,2,1,no,0,NA,NA
10,A,C,1,7,16,A,triangle,yellow,big,0.003,5,4,3,2,2,no,0,NA,NA
10,A,C,0,8,31,A,square,yellow,small,0.1783,5,3,3,2,1,no,0,NA,NA
10,A,C,0,9,3,B,rectangle,white,small,0.0032,9,4,5,3,1,no,0,NA,NA
10,A,C,1,10,19,B,rectangle,red,big,0.1169,8,4,4,2,2,no,0,NA,NA
10,A,C,1,11,20,B,circle,green,big,0.0416,6,3,4,2,1,no,0,NA,NA
10,A,C,1,12,17,B,triangle,white,big,0.0868,6,4,5,2,2,no,0,NA,NA
10,A,C,0,13,4,B,circle,green,small,0.1478,6,4,4,2,2,no,0,NA,NA
10,A,C,1,14,8,B,triangle,blue,big,0.1491,7,5,5,2,3,no,0,NA,NA
10,A,C,0,15,2,B,rectangle,green,small,0.1966,8,4,3,3,1,no,0,NA,NA
10,A,C,1,16,10,B,rectangle,white,big,0.0515,6,3,3,2,1,no,0,NA,NA
10,A,C,0,17,1,C,triangle,blue,small,0.0472,9,3,5,2,1,no,0,NA,NA
10,A,C,1,18,23,C,square,blue,big,0.163,5,4,4,2,2,no,0,NA,NA
10,A,C,1,19,14,C,square,red,big,0.0122,6,4,3,2,2,no,0,NA,NA
10,A,C,0,20,7,C,square,blue,small,0.0673,7,5,5,4,1,no,0,NA,NA
10,A,C,1,21,6,C,square,green,small,0.0976,5,4,4,2,2,no,0,NA,NA
10,A,C,1,22,11,C,rectangle,red,big,0.0565,9,4,5,3,1,no,0,NA,NA
10,A,C,1,23,26,C,rectangle,blue,small,0.1361,8,4,5,3,1,no,0,NA,NA
10,A,C,1,24,13,C,circle,white,big,0.0692,8,6,5,3,3,no,0,NA,NA
10,A,C,0,25,27,D,rectangle,green,small,0.0438,6,3,4,2,1,no,0,NA,NA
10,A,C,0,26,24,D,triangle,blue,small,0.0332,5,4,3,3,1,no,0,NA,NA
10,A,C,1,27,0,D,triangle,yellow,small,0.1932,7,6,4,5,1,no,0,NA,NA
10,A,C,0,28,28,D,circle,yellow,small,0.153,6,4,4,2,2,no,0,NA,NA
10,A,C,1,29,18,D,rectangle,yellow,big,0.0225,9,3,4,2,1,no,0,NA,NA
10,A,C,1,30,12,D,circle,blue,big,0.2068,7,4,4,2,2,no,0,NA,NA
10,A,C,1,31,5,D,circle,white,small,0.1415,9,4,5,3,1,no,0,NA,NA
10,A,C,1,32,22,D,square,green,big,0.0669,5,4,4,2,2,no,0,NA,NA
11,B,C,1,1,8,A,triangle,blue,big,0.1491,7,5,5,2,3,no,0,NA,NA
11,B,C,0,2,31,A,square,yellow,small,0.1783,5,3,3,2,1,no,0,NA,NA
11,B,C,0,3,28,A,circle,yellow,small,0.153,6,4,4,2,2,no,0,NA,NA
11,B,C,1,4,29,A,circle,green,small,0.0541,6,4,5,3,1,no,0,NA,NA
11,B,C,0,5,16,A,triangle,yellow,big,0.003,5,4,3,2,2,no,0,NA,NA
11,B,C,1,6,27,A,rectangle,green,small,0.0438,6,3,4,2,1,no,0,NA,NA
11,B,C,0,7,7,A,square,blue,small,0.0673,7,5,5,4,1,no,0,NA,NA
11,B,C,1,8,13,A,circle,white,big,0.0692,8,6,5,3,3,no,0,NA,NA
11,B,C,1,9,18,B,rectangle,yellow,big,0.0225,9,3,4,2,1,no,0,NA,NA
11,B,C,1,10,19,B,rectangle,red,big,0.1169,8,4,4,2,2,no,0,NA,NA
11,B,C,1,11,17,B,triangle,white,big,0.0868,6,4,5,2,2,no,0,NA,NA
11,B,C,0,12,5,B,circle,white,small,0.1415,9,4,5,3,1,no,0,NA,NA
11,B,C,0,13,3,B,rectangle,white,small,0.0032,9,4,5,3,1,no,0,NA,NA
11,B,C,0,14,20,B,circle,green,big,0.0416,6,3,4,2,1,no,0,NA,NA
11,B,C,1,15,12,B,circle,blue,big,0.2068,7,4,4,2,2,no,0,NA,NA
11,B,C,1,16,23,B,square,blue,big,0.163,5,4,4,2,2,no,0,NA,NA
11,B,C,1,17,21,C,circle,yellow,big,0.0633,6,5,4,2,3,no,0,NA,NA
11,B,C,0,18,0,C,triangle,yellow,small,0.1932,7,6,4,5,1,no,0,NA,NA
11,B,C,1,19,11,C,rectangle,red,big,0.0565,9,4,5,3,1,no,0,NA,NA
11,B,C,1,20,15,C,square,green,big,0.0335,5,3,3,2,1,no,0,NA,NA
11,B,C,0,21,26,C,rectangle,blue,small,0.1361,8,4,5,3,1,no,0,NA,NA
11,B,C,1,22,4,C,circle,green,small,0.1478,6,4,4,2,2,no,0,NA,NA
11,B,C,0,23,2,C,rectangle,green,small,0.1966,8,4,3,3,1,no,0,NA,NA
11,B,C,1,24,14,C,square,red,big,0.0122,6,4,3,2,2,no,0,NA,NA
11,B,C,0,25,9,D,triangle,blue,big,0.0575,5,3,3,2,1,no,0,NA,NA
11,B,C,1,26,24,D,triangle,blue,small,0.0332,5,4,3,3,1,no,0,NA,NA
11,B,C,0,27,25,D,triangle,white,small,0.1462,9,4,5,3,1,no,0,NA,NA
11,B,C,1,28,6,D,square,green,small,0.0976,5,4,4,2,2,no,0,NA,NA
11,B,C,0,29,10,D,rectangle,white,big,0.0515,6,3,3,2,1,no,0,NA,NA
11,B,C,0,30,1,D,triangle,blue,small,0.0472,9,3,5,2,1,no,0,NA,NA
11,B,C,1,31,22,D,square,green,big,0.0669,5,4,4,2,2,no,0,NA,NA
11,B,C,1,32,30,D,square,red,small,0.2043,6,3,4,2,1,no,0,NA,NA
12,B,C,1,1,8,A,triangle,blue,big,0.1491,7,5,5,2,3,no,0,NA,NA
12,B,C,1,2,31,A,square,yellow,small,0.1783,5,3,3,2,1,no,0,NA,NA
12,B,C,1,3,28,A,circle,yellow,small,0.153,6,4,4,2,2,no,0,NA,NA
12,B,C,0,4,29,A,circle,green,small,0.0541,6,4,5,3,1,no,0,NA,NA
12,B,C,1,5,16,A,triangle,yellow,big,0.003,5,4,3,2,2,no,0,NA,NA
12,B,C,1,6,27,A,rectangle,green,small,0.0438,6,3,4,2,1,no,0,NA,NA
12,B,C,0,7,7,A,square,blue,small,0.0673,7,5,5,4,1,no,0,NA,NA
12,B,C,1,8,13,A,circle,white,big,0.0692,8,6,5,3,3,no,0,NA,NA
12,B,C,1,9,18,B,rectangle,yellow,big,0.0225,9,3,4,2,1,no,0,NA,NA
12,B,C,0,10,19,B,rectangle,red,big,0.1169,8,4,4,2,2,no,0,NA,NA
12,B,C,1,11,17,B,triangle,white,big,0.0868,6,4,5,2,2,no,0,NA,NA
12,B,C,1,12,5,B,circle,white,small,0.1415,9,4,5,3,1,no,0,NA,NA
12,B,C,1,13,3,B,rectangle,white,small,0.0032,9,4,5,3,1,no,0,NA,NA
12,B,C,1,14,20,B,circle,green,big,0.0416,6,3,4,2,1,no,0,NA,NA
12,B,C,1,15,12,B,circle,blue,big,0.2068,7,4,4,2,2,no,0,NA,NA
12,B,C,1,16,23,B,square,blue,big,0.163,5,4,4,2,2,no,0,NA,NA
12,B,C,1,17,21,C,circle,yellow,big,0.0633,6,5,4,2,3,no,0,NA,NA
12,B,C,1,18,0,C,triangle,yellow,small,0.1932,7,6,4,5,1,no,0,NA,NA
12,B,C,0,19,11,C,rectangle,red,big,0.0565,9,4,5,3,1,no,0,NA,NA
12,B,C,1,20,15,C,square,green,big,0.0335,5,3,3,2,1,no,0,NA,NA
12,B,C,0,21,26,C,rectangle,blue,small,0.1361,8,4,5,3,1,no,0,NA,NA
12,B,C,1,22,4,C,circle,green,small,0.1478,6,4,4,2,2,no,0,NA,NA
12,B,C,1,23,2,C,rectangle,green,small,0.1966,8,4,3,3,1,no,0,NA,NA
12,B,C,0,24,14,C,square,red,big,0.0122,6,4,3,2,2,no,0,NA,NA
12,B,C,1,25,9,D,triangle,blue,big,0.0575,5,3,3,2,1,no,0,NA,NA
12,B,C,0,26,24,D,triangle,blue,small,0.0332,5,4,3,3,1,no,0,NA,NA
12,B,C,0,27,25,D,triangle,white,small,0.1462,9,4,5,3,1,no,0,NA,NA
12,B,C,1,28,6,D,square,green,small,0.0976,5,4,4,2,2,no,0,NA,NA
12,B,C,0,29,10,D,rectangle,white,big,0.0515,6,3,3,2,1,no,0,NA,NA
12,B,C,0,30,1,D,triangle,blue,small,0.0472,9,3,5,2,1,no,0,NA,NA
12,B,C,1,31,22,D,square,green,big,0.0669,5,4,4,2,2,no,0,NA,NA
12,B,C,1,32,30,D,square,red,small,0.2043,6,3,4,2,1,no,0,NA,NA
13,B,C,0,1,8,A,triangle,blue,big,0.1491,7,5,5,2,3,no,0,NA,NA
13,B,C,1,2,31,A,square,yellow,small,0.1783,5,3,3,2,1,no,0,NA,NA
13,B,C,1,3,28,A,circle,yellow,small,0.153,6,4,4,2,2,no,0,NA,NA
13,B,C,1,4,29,A,circle,green,small,0.0541,6,4,5,3,1,no,0,NA,NA
13,B,C,0,5,16,A,triangle,yellow,big,0.003,5,4,3,2,2,no,0,NA,NA
13,B,C,0,6,27,A,rectangle,green,small,0.0438,6,3,4,2,1,no,0,NA,NA
13,B,C,1,7,7,A,square,blue,small,0.0673,7,5,5,4,1,no,0,NA,NA
13,B,C,1,8,13,A,circle,white,big,0.0692,8,6,5,3,3,no,0,NA,NA
13,B,C,1,9,18,B,rectangle,yellow,big,0.0225,9,3,4,2,1,no,0,NA,NA
13,B,C,1,10,19,B,rectangle,red,big,0.1169,8,4,4,2,2,no,0,NA,NA
13,B,C,1,11,17,B,triangle,white,big,0.0868,6,4,5,2,2,no,0,NA,NA
13,B,C,0,12,5,B,circle,white,small,0.1415,9,4,5,3,1,no,0,NA,NA
13,B,C,0,13,3,B,rectangle,white,small,0.0032,9,4,5,3,1,no,0,NA,NA
13,B,C,1,14,20,B,circle,green,big,0.0416,6,3,4,2,1,no,0,NA,NA
13,B,C,1,15,12,B,circle,blue,big,0.2068,7,4,4,2,2,no,0,NA,NA
13,B,C,1,16,23,B,square,blue,big,0.163,5,4,4,2,2,no,0,NA,NA
13,B,C,0,17,21,C,circle,yellow,big,0.0633,6,5,4,2,3,no,0,NA,NA
13,B,C,0,18,0,C,triangle,yellow,small,0.1932,7,6,4,5,1,no,0,NA,NA
13,B,C,1,19,11,C,rectangle,red,big,0.0565,9,4,5,3,1,no,0,NA,NA
13,B,C,1,20,15,C,square,green,big,0.0335,5,3,3,2,1,no,0,NA,NA
13,B,C,1,21,26,C,rectangle,blue,small,0.1361,8,4,5,3,1,no,0,NA,NA
13,B,C,0,22,4,C,circle,green,small,0.1478,6,4,4,2,2,no,0,NA,NA
13,B,C,1,23,2,C,rectangle,green,small,0.1966,8,4,3,3,1,no,0,NA,NA
13,B,C,0,24,14,C,square,red,big,0.0122,6,4,3,2,2,no,0,NA,NA
13,B,C,1,25,9,D,triangle,blue,big,0.0575,5,3,3,2,1,no,0,NA,NA
13,B,C,0,26,24,D,triangle,blue,small,0.0332,5,4,3,3,1,no,0,NA,NA
13,B,C,1,27,25,D,triangle,white,small,0.1462,9,4,5,3,1,no,0,NA,NA
13,B,C,1,28,6,D,square,green,small,0.0976,5,4,4,2,2,no,0,NA,NA
13,B,C,1,29,10,D,rectangle,white,big,0.0515,6,3,3,2,1,no,0,NA,NA
13,B,C,1,30,1,D,triangle,blue,small,0.0472,9,3,5,2,1,no,0,NA,NA
13,B,C,1,31,22,D,square,green,big,0.0669,5,4,4,2,2,no,0,NA,NA
13,B,C,1,32,30,D,square,red,small,0.2043,6,3,4,2,1,no,0,NA,NA
14,B,C,1,1,8,A,triangle,blue,big,0.1491,7,5,5,2,3,no,0,NA,NA
14,B,C,0,2,31,A,square,yellow,small,0.1783,5,3,3,2,1,no,0,NA,NA
14,B,C,1,3,28,A,circle,yellow,small,0.153,6,4,4,2,2,no,0,NA,NA
14,B,C,0,4,29,A,circle,green,small,0.0541,6,4,5,3,1,no,0,NA,NA
14,B,C,0,5,16,A,triangle,yellow,big,0.003,5,4,3,2,2,no,0,NA,NA
14,B,C,0,6,27,A,rectangle,green,small,0.0438,6,3,4,2,1,no,0,NA,NA
14,B,C,1,7,7,A,square,blue,small,0.0673,7,5,5,4,1,no,0,NA,NA
14,B,C,1,8,13,A,circle,white,big,0.0692,8,6,5,3,3,no,0,NA,NA
14,B,C,1,9,18,B,rectangle,yellow,big,0.0225,9,3,4,2,1,no,0,NA,NA
14,B,C,1,10,19,B,rectangle,red,big,0.1169,8,4,4,2,2,no,0,NA,NA
14,B,C,1,11,17,B,triangle,white,big,0.0868,6,4,5,2,2,no,0,NA,NA
14,B,C,1,12,5,B,circle,white,small,0.1415,9,4,5,3,1,no,0,NA,NA
14,B,C,1,13,3,B,rectangle,white,small,0.0032,9,4,5,3,1,no,0,NA,NA
14,B,C,1,14,20,B,circle,green,big,0.0416,6,3,4,2,1,no,0,NA,NA
14,B,C,1,15,12,B,circle,blue,big,0.2068,7,4,4,2,2,no,0,NA,NA
14,B,C,0,16,23,B,square,blue,big,0.163,5,4,4,2,2,no,0,NA,NA
14,B,C,1,17,21,C,circle,yellow,big,0.0633,6,5,4,2,3,no,0,NA,NA
14,B,C,1,18,0,C,triangle,yellow,small,0.1932,7,6,4,5,1,no,0,NA,NA
14,B,C,0,19,11,C,rectangle,red,big,0.0565,9,4,5,3,1,no,0,NA,NA
14,B,C,1,20,15,C,square,green,big,0.0335,5,3,3,2,1,no,0,NA,NA
14,B,C,1,21,26,C,rectangle,blue,small,0.1361,8,4,5,3,1,no,0,NA,NA
14,B,C,1,22,4,C,circle,green,small,0.1478,6,4,4,2,2,no,0,NA,NA
14,B,C,1,23,2,C,rectangle,green,small,0.1966,8,4,3,3,1,no,0,NA,NA
14,B,C,0,24,14,C,square,red,big,0.0122,6,4,3,2,2,no,0,NA,NA
14,B,C,0,25,9,D,triangle,blue,big,0.0575,5,3,3,2,1,no,0,NA,NA
14,B,C,1,26,24,D,triangle,blue,small,0.0332,5,4,3,3,1,no,0,NA,NA
14,B,C,1,27,25,D,triangle,white,small,0.1462,9,4,5,3,1,no,0,NA,NA
14,B,C,1,28,6,D,square,green,small,0.0976,5,4,4,2,2,no,0,NA,NA
14,B,C,0,29,10,D,rectangle,white,big,0.0515,6,3,3,2,1,no,0,NA,NA
14,B,C,1,30,1,D,triangle,blue,small,0.0472,9,3,5,2,1,no,0,NA,NA
14,B,C,1,31,22,D,square,green,big,0.0669,5,4,4,2,2,no,0,NA,NA
14,B,C,1,32,30,D,square,red,small,0.2043,6,3,4,2,1,no,0,NA,NA
15,B,C,1,1,8,A,triangle,blue,big,0.1491,7,5,5,2,3,no,0,NA,NA
15,B,C,0,2,31,A,square,yellow,small,0.1783,5,3,3,2,1,no,0,NA,NA
15,B,C,1,3,28,A,circle,yellow,small,0.153,6,4,4,2,2,no,0,NA,NA
15,B,C,0,4,29,A,circle,green,small,0.0541,6,4,5,3,1,no,0,NA,NA
15,B,C,1,5,16,A,triangle,yellow,big,0.003,5,4,3,2,2,no,0,NA,NA
15,B,C,0,6,27,A,rectangle,green,small,0.0438,6,3,4,2,1,no,0,NA,NA
15,B,C,1,7,7,A,square,blue,small,0.0673,7,5,5,4,1,no,0,NA,NA
15,B,C,0,8,13,A,circle,white,big,0.0692,8,6,5,3,3,no,0,NA,NA
15,B,C,1,9,18,B,rectangle,yellow,big,0.0225,9,3,4,2,1,no,0,NA,NA
15,B,C,0,10,19,B,rectangle,red,big,0.1169,8,4,4,2,2,no,0,NA,NA
15,B,C,1,11,17,B,triangle,white,big,0.0868,6,4,5,2,2,no,0,NA,NA
15,B,C,1,12,5,B,circle,white,small,0.1415,9,4,5,3,1,no,0,NA,NA
15,B,C,1,13,3,B,rectangle,white,small,0.0032,9,4,5,3,1,no,0,NA,NA
15,B,C,0,14,20,B,circle,green,big,0.0416,6,3,4,2,1,no,0,NA,NA
15,B,C,0,15,12,B,circle,blue,big,0.2068,7,4,4,2,2,no,0,NA,NA
15,B,C,0,16,23,B,square,blue,big,0.163,5,4,4,2,2,no,0,NA,NA
15,B,C,1,17,21,C,circle,yellow,big,0.0633,6,5,4,2,3,no,0,NA,NA
15,B,C,1,18,0,C,triangle,yellow,small,0.1932,7,6,4,5,1,no,0,NA,NA
15,B,C,0,19,11,C,rectangle,red,big,0.0565,9,4,5,3,1,no,0,NA,NA
15,B,C,1,20,15,C,square,green,big,0.0335,5,3,3,2,1,no,0,NA,NA
15,B,C,1,21,26,C,rectangle,blue,small,0.1361,8,4,5,3,1,no,0,NA,NA
15,B,C,1,22,4,C,circle,green,small,0.1478,6,4,4,2,2,no,0,NA,NA
15,B,C,1,23,2,C,rectangle,green,small,0.1966,8,4,3,3,1,no,0,NA,NA
15,B,C,0,24,14,C,square,red,big,0.0122,6,4,3,2,2,no,0,NA,NA
15,B,C,0,25,9,D,triangle,blue,big,0.0575,5,3,3,2,1,no,0,NA,NA
15,B,C,0,26,24,D,triangle,blue,small,0.0332,5,4,3,3,1,no,0,NA,NA
15,B,C,1,27,25,D,triangle,white,small,0.1462,9,4,5,3,1,no,0,NA,NA
15,B,C,1,28,6,D,square,green,small,0.0976,5,4,4,2,2,no,0,NA,NA
15,B,C,0,29,10,D,rectangle,white,big,0.0515,6,3,3,2,1,no,0,NA,NA
15,B,C,1,30,1,D,triangle,blue,small,0.0472,9,3,5,2,1,no,0,NA,NA
15,B,C,1,31,22,D,square,green,big,0.0669,5,4,4,2,2,no,0,NA,NA
15,B,C,0,32,30,D,square,red,small,0.2043,6,3,4,2,1,no,0,NA,NA
16,B,C,1,1,8,A,triangle,blue,big,0.1491,7,5,5,2,3,no,0,NA,NA
16,B,C,0,2,31,A,square,yellow,small,0.1783,5,3,3,2,1,no,0,NA,NA
16,B,C,1,3,28,A,circle,yellow,small,0.153,6,4,4,2,2,no,0,NA,NA
16,B,C,1,4,29,A,circle,green,small,0.0541,6,4,5,3,1,no,0,NA,NA
16,B,C,0,5,16,A,triangle,yellow,big,0.003,5,4,3,2,2,no,0,NA,NA
16,B,C,0,6,27,A,rectangle,green,small,0.0438,6,3,4,2,1,no,0,NA,NA
16,B,C,0,7,7,A,square,blue,small,0.0673,7,5,5,4,1,no,0,NA,NA
16,B,C,1,8,13,A,circle,white,big,0.0692,8,6,5,3,3,no,0,NA,NA
16,B,C,1,9,18,B,rectangle,yellow,big,0.0225,9,3,4,2,1,no,0,NA,NA
16,B,C,0,10,19,B,rectangle,red,big,0.1169,8,4,4,2,2,no,0,NA,NA
16,B,C,1,11,17,B,triangle,white,big,0.0868,6,4,5,2,2,no,0,NA,NA
16,B,C,1,12,5,B,circle,white,small,0.1415,9,4,5,3,1,no,0,NA,NA
16,B,C,1,13,3,B,rectangle,white,small,0.0032,9,4,5,3,1,no,0,NA,NA
16,B,C,1,14,20,B,circle,green,big,0.0416,6,3,4,2,1,no,0,NA,NA
16,B,C,0,15,12,B,circle,blue,big,0.2068,7,4,4,2,2,no,0,NA,NA
16,B,C,1,16,23,B,square,blue,big,0.163,5,4,4,2,2,no,0,NA,NA
16,B,C,1,17,21,C,circle,yellow,big,0.0633,6,5,4,2,3,no,0,NA,NA
16,B,C,0,18,0,C,triangle,yellow,small,0.1932,7,6,4,5,1,no,0,NA,NA
16,B,C,1,19,11,C,rectangle,red,big,0.0565,9,4,5,3,1,no,0,NA,NA
16,B,C,1,20,15,C,square,green,big,0.0335,5,3,3,2,1,no,0,NA,NA
16,B,C,1,21,26,C,rectangle,blue,small,0.1361,8,4,5,3,1,no,0,NA,NA
16,B,C,1,22,4,C,circle,green,small,0.1478,6,4,4,2,2,no,0,NA,NA
16,B,C,1,23,2,C,rectangle,green,small,0.1966,8,4,3,3,1,no,0,NA,NA
16,B,C,1,24,14,C,square,red,big,0.0122,6,4,3,2,2,no,0,NA,NA
16,B,C,1,25,9,D,triangle,blue,big,0.0575,5,3,3,2,1,no,0,NA,NA
16,B,C,0,26,24,D,triangle,blue,small,0.0332,5,4,3,3,1,no,0,NA,NA
16,B,C,0,27,25,D,triangle,white,small,0.1462,9,4,5,3,1,no,0,NA,NA
16,B,C,1,28,6,D,square,green,small,0.0976,5,4,4,2,2,no,0,NA,NA
16,B,C,1,29,10,D,rectangle,white,big,0.0515,6,3,3,2,1,no,0,NA,NA
16,B,C,0,30,1,D,triangle,blue,small,0.0472,9,3,5,2,1,no,0,NA,NA
16,B,C,1,31,22,D,square,green,big,0.0669,5,4,4,2,2,no,0,NA,NA
16,B,C,1,32,30,D,square,red,small,0.2043,6,3,4,2,1,no,0,NA,NA
17,B,C,0,1,8,A,triangle,blue,big,0.1491,7,5,5,2,3,no,0,NA,NA
17,B,C,1,2,31,A,square,yellow,small,0.1783,5,3,3,2,1,no,0,NA,NA
17,B,C,1,3,28,A,circle,yellow,small,0.153,6,4,4,2,2,no,0,NA,NA
17,B,C,1,4,29,A,circle,green,small,0.0541,6,4,5,3,1,no,0,NA,NA
17,B,C,0,5,16,A,triangle,yellow,big,0.003,5,4,3,2,2,no,0,NA,NA
17,B,C,1,6,27,A,rectangle,green,small,0.0438,6,3,4,2,1,no,0,NA,NA
17,B,C,1,7,7,A,square,blue,small,0.0673,7,5,5,4,1,no,0,NA,NA
17,B,C,0,8,13,A,circle,white,big,0.0692,8,6,5,3,3,no,0,NA,NA
17,B,C,0,9,18,B,rectangle,yellow,big,0.0225,9,3,4,2,1,no,0,NA,NA
17,B,C,0,10,19,B,rectangle,red,big,0.1169,8,4,4,2,2,no,0,NA,NA
17,B,C,0,11,17,B,triangle,white,big,0.0868,6,4,5,2,2,no,0,NA,NA
17,B,C,1,12,5,B,circle,white,small,0.1415,9,4,5,3,1,no,0,NA,NA
17,B,C,1,13,3,B,rectangle,white,small,0.0032,9,4,5,3,1,no,0,NA,NA
17,B,C,0,14,20,B,circle,green,big,0.0416,6,3,4,2,1,no,0,NA,NA
17,B,C,0,15,12,B,circle,blue,big,0.2068,7,4,4,2,2,no,0,NA,NA
17,B,C,0,16,23,B,square,blue,big,0.163,5,4,4,2,2,no,0,NA,NA
17,B,C,0,17,21,C,circle,yellow,big,0.0633,6,5,4,2,3,no,0,NA,NA
17,B,C,1,18,0,C,triangle,yellow,small,0.1932,7,6,4,5,1,no,0,NA,NA
17,B,C,1,19,11,C,rectangle,red,big,0.0565,9,4,5,3,1,no,0,NA,NA
17,B,C,1,20,15,C,square,green,big,0.0335,5,3,3,2,1,no,0,NA,NA
17,B,C,1,21,26,C,rectangle,blue,small,0.1361,8,4,5,3,1,no,0,NA,NA
17,B,C,1,22,4,C,circle,green,small,0.1478,6,4,4,2,2,no,0,NA,NA
17,B,C,1,23,2,C,rectangle,green,small,0.1966,8,4,3,3,1,no,0,NA,NA
17,B,C,0,24,14,C,square,red,big,0.0122,6,4,3,2,2,no,0,NA,NA
17,B,C,1,25,9,D,triangle,blue,big,0.0575,5,3,3,2,1,no,0,NA,NA
17,B,C,0,26,24,D,triangle,blue,small,0.0332,5,4,3,3,1,no,0,NA,NA
17,B,C,1,27,25,D,triangle,white,small,0.1462,9,4,5,3,1,no,0,NA,NA
17,B,C,1,28,6,D,square,green,small,0.0976,5,4,4,2,2,no,0,NA,NA
17,B,C,1,29,10,D,rectangle,white,big,0.0515,6,3,3,2,1,no,0,NA,NA
17,B,C,1,30,1,D,triangle,blue,small,0.0472,9,3,5,2,1,no,0,NA,NA
17,B,C,0,31,22,D,square,green,big,0.0669,5,4,4,2,2,no,0,NA,NA
17,B,C,1,32,30,D,square,red,small,0.2043,6,3,4,2,1,no,0,NA,NA
18,B,C,1,1,8,A,triangle,blue,big,0.1491,7,5,5,2,3,no,0,NA,NA
18,B,C,0,2,31,A,square,yellow,small,0.1783,5,3,3,2,1,no,0,NA,NA
18,B,C,1,3,28,A,circle,yellow,small,0.153,6,4,4,2,2,no,0,NA,NA
18,B,C,1,4,29,A,circle,green,small,0.0541,6,4,5,3,1,no,0,NA,NA
18,B,C,0,5,16,A,triangle,yellow,big,0.003,5,4,3,2,2,no,0,NA,NA
18,B,C,0,6,27,A,rectangle,green,small,0.0438,6,3,4,2,1,no,0,NA,NA
18,B,C,1,7,7,A,square,blue,small,0.0673,7,5,5,4,1,no,0,NA,NA
18,B,C,1,8,13,A,circle,white,big,0.0692,8,6,5,3,3,no,0,NA,NA
18,B,C,0,9,18,B,rectangle,yellow,big,0.0225,9,3,4,2,1,no,0,NA,NA
18,B,C,1,10,19,B,rectangle,red,big,0.1169,8,4,4,2,2,no,0,NA,NA
18,B,C,1,11,17,B,triangle,white,big,0.0868,6,4,5,2,2,no,0,NA,NA
18,B,C,0,12,5,B,circle,white,small,0.1415,9,4,5,3,1,no,0,NA,NA
18,B,C,0,13,3,B,rectangle,white,small,0.0032,9,4,5,3,1,no,0,NA,NA
18,B,C,1,14,20,B,circle,green,big,0.0416,6,3,4,2,1,no,0,NA,NA
18,B,C,1,15,12,B,circle,blue,big,0.2068,7,4,4,2,2,no,0,NA,NA
18,B,C,1,16,23,B,square,blue,big,0.163,5,4,4,2,2,no,0,NA,NA
18,B,C,0,17,21,C,circle,yellow,big,0.0633,6,5,4,2,3,no,0,NA,NA
18,B,C,0,18,0,C,triangle,yellow,small,0.1932,7,6,4,5,1,no,0,NA,NA
18,B,C,1,19,11,C,rectangle,red,big,0.0565,9,4,5,3,1,no,0,NA,NA
18,B,C,0,20,15,C,square,green,big,0.0335,5,3,3,2,1,no,0,NA,NA
18,B,C,1,21,26,C,rectangle,blue,small,0.1361,8,4,5,3,1,no,0,NA,NA
18,B,C,1,22,4,C,circle,green,small,0.1478,6,4,4,2,2,no,0,NA,NA
18,B,C,0,23,2,C,rectangle,green,small,0.1966,8,4,3,3,1,no,0,NA,NA
18,B,C,1,24,14,C,square,red,big,0.0122,6,4,3,2,2,no,0,NA,NA
18,B,C,1,25,9,D,triangle,blue,big,0.0575,5,3,3,2,1,no,0,NA,NA
18,B,C,0,26,24,D,triangle,blue,small,0.0332,5,4,3,3,1,no,0,NA,NA
18,B,C,0,27,25,D,triangle,white,small,0.1462,9,4,5,3,1,no,0,NA,NA
18,B,C,1,28,6,D,square,green,small,0.0976,5,4,4,2,2,no,0,NA,NA
18,B,C,0,29,10,D,rectangle,white,big,0.0515,6,3,3,2,1,no,0,NA,NA
18,B,C,1,30,1,D,triangle,blue,small,0.0472,9,3,5,2,1,no,0,NA,NA
18,B,C,1,31,22,D,square,green,big,0.0669,5,4,4,2,2,no,0,NA,NA
18,B,C,1,32,30,D,square,red,small,0.2043,6,3,4,2,1,no,0,NA,NA
19,B,C,1,1,8,A,triangle,blue,big,0.1491,7,5,5,2,3,no,0,NA,NA
19,B,C,1,2,31,A,square,yellow,small,0.1783,5,3,3,2,1,no,0,NA,NA
19,B,C,0,3,28,A,circle,yellow,small,0.153,6,4,4,2,2,no,0,NA,NA
19,B,C,0,4,29,A,circle,green,small,0.0541,6,4,5,3,1,no,0,NA,NA
19,B,C,0,5,16,A,triangle,yellow,big,0.003,5,4,3,2,2,no,0,NA,NA
19,B,C,0,6,27,A,rectangle,green,small,0.0438,6,3,4,2,1,no,0,NA,NA
19,B,C,0,7,7,A,square,blue,small,0.0673,7,5,5,4,1,no,0,NA,NA
19,B,C,0,8,13,A,circle,white,big,0.0692,8,6,5,3,3,no,0,NA,NA
19,B,C,1,9,18,B,rectangle,yellow,big,0.0225,9,3,4,2,1,no,0,NA,NA
19,B,C,1,10,19,B,rectangle,red,big,0.1169,8,4,4,2,2,no,0,NA,NA
19,B,C,1,11,17,B,triangle,white,big,0.0868,6,4,5,2,2,no,0,NA,NA
19,B,C,1,12,5,B,circle,white,small,0.1415,9,4,5,3,1,no,0,NA,NA
19,B,C,0,13,3,B,rectangle,white,small,0.0032,9,4,5,3,1,no,0,NA,NA
19,B,C,0,14,20,B,circle,green,big,0.0416,6,3,4,2,1,no,0,NA,NA
19,B,C,1,15,12,B,circle,blue,big,0.2068,7,4,4,2,2,no,0,NA,NA
19,B,C,1,16,23,B,square,blue,big,0.163,5,4,4,2,2,no,0,NA,NA
19,B,C,1,17,21,C,circle,yellow,big,0.0633,6,5,4,2,3,no,0,NA,NA
19,B,C,0,18,0,C,triangle,yellow,small,0.1932,7,6,4,5,1,no,0,NA,NA
19,B,C,0,19,11,C,rectangle,red,big,0.0565,9,4,5,3,1,no,0,NA,NA
19,B,C,1,20,15,C,square,green,big,0.0335,5,3,3,2,1,no,0,NA,NA
19,B,C,1,21,26,C,rectangle,blue,small,0.1361,8,4,5,3,1,no,0,NA,NA
19,B,C,1,22,4,C,circle,green,small,0.1478,6,4,4,2,2,no,0,NA,NA
19,B,C,1,23,2,C,rectangle,green,small,0.1966,8,4,3,3,1,no,0,NA,NA
19,B,C,0,24,14,C,square,red,big,0.0122,6,4,3,2,2,no,0,NA,NA
19,B,C,1,25,9,D,triangle,blue,big,0.0575,5,3,3,2,1,no,0,NA,NA
19,B,C,1,26,24,D,triangle,blue,small,0.0332,5,4,3,3,1,no,0,NA,NA
19,B,C,1,27,25,D,triangle,white,small,0.1462,9,4,5,3,1,no,0,NA,NA
19,B,C,1,28,6,D,square,green,small,0.0976,5,4,4,2,2,no,0,NA,NA
19,B,C,0,29,10,D,rectangle,white,big,0.0515,6,3,3,2,1,no,0,NA,NA
19,B,C,1,30,1,D,triangle,blue,small,0.0472,9,3,5,2,1,no,0,NA,NA
19,B,C,1,31,22,D,square,green,big,0.0669,5,4,4,2,2,no,0,NA,NA
19,B,C,1,32,30,D,square,red,small,0.2043,6,3,4,2,1,no,0,NA,NA
20,B,C,1,1,8,A,triangle,blue,big,0.1491,7,5,5,2,3,no,0,NA,NA
20,B,C,1,2,31,A,square,yellow,small,0.1783,5,3,3,2,1,no,0,NA,NA
20,B,C,0,3,28,A,circle,yellow,small,0.153,6,4,4,2,2,no,0,NA,NA
20,B,C,0,4,29,A,circle,green,small,0.0541,6,4,5,3,1,no,0,NA,NA
20,B,C,1,5,16,A,triangle,yellow,big,0.003,5,4,3,2,2,no,0,NA,NA
20,B,C,1,6,27,A,rectangle,green,small,0.0438,6,3,4,2,1,no,0,NA,NA
20,B,C,1,7,7,A,square,blue,small,0.0673,7,5,5,4,1,no,0,NA,NA
20,B,C,1,8,13,A,circle,white,big,0.0692,8,6,5,3,3,no,0,NA,NA
20,B,C,1,9,18,B,rectangle,yellow,big,0.0225,9,3,4,2,1,no,0,NA,NA
20,B,C,0,10,19,B,rectangle,red,big,0.1169,8,4,4,2,2,no,0,NA,NA
20,B,C,1,11,17,B,triangle,white,big,0.0868,6,4,5,2,2,no,0,NA,NA
20,B,C,1,12,5,B,circle,white,small,0.1415,9,4,5,3,1,no,0,NA,NA
20,B,C,1,13,3,B,rectangle,white,small,0.0032,9,4,5,3,1,no,0,NA,NA
20,B,C,0,14,20,B,circle,green,big,0.0416,6,3,4,2,1,no,0,NA,NA
20,B,C,1,15,12,B,circle,blue,big,0.2068,7,4,4,2,2,no,0,NA,NA
20,B,C,0,16,23,B,square,blue,big,0.163,5,4,4,2,2,no,0,NA,NA
20,B,C,0,17,21,C,circle,yellow,big,0.0633,6,5,4,2,3,no,0,NA,NA
20,B,C,1,18,0,C,triangle,yellow,small,0.1932,7,6,4,5,1,no,0,NA,NA
20,B,C,1,19,11,C,rectangle,red,big,0.0565,9,4,5,3,1,no,0,NA,NA
20,B,C,1,20,15,C,square,green,big,0.0335,5,3,3,2,1,no,0,NA,NA
20,B,C,1,21,26,C,rectangle,blue,small,0.1361,8,4,5,3,1,no,0,NA,NA
20,B,C,0,22,4,C,circle,green,small,0.1478,6,4,4,2,2,no,0,NA,NA
20,B,C,1,23,2,C,rectangle,green,small,0.1966,8,4,3,3,1,no,0,NA,NA
20,B,C,1,24,14,C,square,red,big,0.0122,6,4,3,2,2,no,0,NA,NA
20,B,C,1,25,9,D,triangle,blue,big,0.0575,5,3,3,2,1,no,0,NA,NA
20,B,C,0,26,24,D,triangle,blue,small,0.0332,5,4,3,3,1,no,0,NA,NA
20,B,C,1,27,25,D,triangle,white,small,0.1462,9,4,5,3,1,no,0,NA,NA
20,B,C,1,28,6,D,square,green,small,0.0976,5,4,4,2,2,no,0,NA,NA
20,B,C,0,29,10,D,rectangle,white,big,0.0515,6,3,3,2,1,no,0,NA,NA
20,B,C,1,30,1,D,triangle,blue,small,0.0472,9,3,5,2,1,no,0,NA,NA
20,B,C,1,31,22,D,square,green,big,0.0669,5,4,4,2,2,no,0,NA,NA
20,B,C,1,32,30,D,square,red,small,0.2043,6,3,4,2,1,no,0,NA,NA
21,A,Q,1,1,21,A,circle,yellow,big,0.0633,6,5,4,2,3,yes,1,no,A
21,A,Q,1,2,15,A,square,green,big,0.0335,5,3,3,2,1,no,0,NA,NA
21,A,Q,0,3,25,A,triangle,white,small,0.1462,9,4,5,3,1,no,0,NA,NA
21,A,Q,0,4,29,A,circle,green,small,0.0541,6,4,5,3,1,no,0,NA,NA
21,A,Q,1,5,9,A,triangle,blue,big,0.0575,5,3,3,2,1,no,0,NA,NA
21,A,Q,1,6,30,A,square,red,small,0.2043,6,3,4,2,1,no,0,NA,NA
21,A,Q,1,7,16,A,triangle,yellow,big,0.003,5,4,3,2,2,no,0,NA,NA
21,A,Q,0,8,31,A,square,yellow,small,0.1783,5,3,3,2,1,no,0,NA,NA
21,A,Q,0,9,3,B,rectangle,white,small,0.0032,9,4,5,3,1,no,0,NA,NA
21,A,Q,1,10,19,B,rectangle,red,big,0.1169,8,4,4,2,2,no,0,NA,NA
21,A,Q,1,11,20,B,circle,green,big,0.0416,6,3,4,2,1,no,0,NA,NA
21,A,Q,1,12,17,B,triangle,white,big,0.0868,6,4,5,2,2,no,0,NA,NA
21,A,Q,1,13,4,B,circle,green,small,0.1478,6,4,4,2,2,no,0,NA,NA
21,A,Q,1,14,8,B,triangle,blue,big,0.1491,7,5,5,2,3,no,0,NA,NA
21,A,Q,0,15,2,B,rectangle,green,small,0.1966,8,4,3,3,1,no,0,NA,NA
21,A,Q,1,16,10,B,rectangle,white,big,0.0515,6,3,3,2,1,no,0,NA,NA
21,A,Q,1,17,1,C,triangle,blue,small,0.0472,9,3,5,2,1,no,0,NA,NA
21,A,Q,1,18,23,C,square,blue,big,0.163,5,4,4,2,2,no,0,NA,NA
21,A,Q,1,19,14,C,square,red,big,0.0122,6,4,3,2,2,no,0,NA,NA
21,A,Q,0,20,7,C,square,blue,small,0.0673,7,5,5,4,1,no,0,NA,NA
21,A,Q,1,21,6,C,square,green,small,0.0976,5,4,4,2,2,no,0,NA,NA
21,A,Q,1,22,11,C,rectangle,red,big,0.0565,9,4,5,3,1,no,0,NA,NA
21,A,Q,1,23,26,C,rectangle,blue,small,0.1361,8,4,5,3,1,no,0,NA,NA
21,A,Q,1,24,13,C,circle,white,big,0.0692,8,6,5,3,3,no,0,NA,NA
21,A,Q,0,25,27,D,rectangle,green,small,0.0438,6,3,4,2,1,no,0,NA,NA
21,A,Q,0,26,24,D,triangle,blue,small,0.0332,5,4,3,3,1,no,0,NA,NA
21,A,Q,1,27,0,D,triangle,yellow,small,0.1932,7,6,4,5,1,no,0,NA,NA
21,A,Q,1,28,28,D,circle,yellow,small,0.153,6,4,4,2,2,no,0,NA,NA
21,A,Q,1,29,18,D,rectangle,yellow,big,0.0225,9,3,4,2,1,no,0,NA,NA
21,A,Q,1,30,12,D,circle,blue,big,0.2068,7,4,4,2,2,no,0,NA,NA
21,A,Q,1,31,5,D,circle,white,small,0.1415,9,4,5,3,1,no,0,NA,NA
21,A,Q,1,32,22,D,square,green,big,0.0669,5,4,4,2,2,no,0,NA,NA
22,A,Q,1,1,21,A,circle,yellow,big,0.0633,6,5,4,2,3,yes,2,yes,B
22,A,Q,1,2,15,A,square,green,big,0.0335,5,3,3,2,1,yes,1,yes,B
22,A,Q,1,3,25,A,triangle,white,small,0.1462,9,4,5,3,1,yes,1,no,D
22,A,Q,1,4,29,A,circle,green,small,0.0541,6,4,5,3,1,yes,1,yes,C
22,A,Q,1,5,9,A,triangle,blue,big,0.0575,5,3,3,2,1,no,0,NA,NA
22,A,Q,1,6,30,A,square,red,small,0.2043,6,3,4,2,1,yes,1,yes,C
22,A,Q,0,7,16,A,triangle,yellow,big,0.003,5,4,3,2,2,no,0,NA,NA
22,A,Q,1,8,31,A,square,yellow,small,0.1783,5,3,3,2,1,yes,1,yes,C
22,A,Q,0,9,3,B,rectangle,white,small,0.0032,9,4,5,3,1,no,0,NA,NA
22,A,Q,1,10,19,B,rectangle,red,big,0.1169,8,4,4,2,2,yes,1,yes,C
22,A,Q,1,11,20,B,circle,green,big,0.0416,6,3,4,2,1,yes,1,yes,C
22,A,Q,1,12,17,B,triangle,white,big,0.0868,6,4,5,2,2,yes,2,yes,M
22,A,Q,1,13,4,B,circle,green,small,0.1478,6,4,4,2,2,yes,1,yes,C
22,A,Q,1,14,8,B,triangle,blue,big,0.1491,7,5,5,2,3,yes,1,yes,C
22,A,Q,0,15,2,B,rectangle,green,small,0.1966,8,4,3,3,1,no,0,NA,NA
22,A,Q,1,16,10,B,rectangle,white,big,0.0515,6,3,3,2,1,yes,1,yes,C
22,A,Q,1,17,1,C,triangle,blue,small,0.0472,9,3,5,2,1,yes,1,yes,C
22,A,Q,1,18,23,C,square,blue,big,0.163,5,4,4,2,2,yes,1,yes,C
22,A,Q,1,19,14,C,square,red,big,0.0122,6,4,3,2,2,yes,1,yes,C
22,A,Q,1,20,7,C,square,blue,small,0.0673,7,5,5,4,1,yes,1,yes,C
22,A,Q,1,21,6,C,square,green,small,0.0976,5,4,4,2,2,yes,1,yes,C
22,A,Q,1,22,11,C,rectangle,red,big,0.0565,9,4,5,3,1,yes,1,yes,C
22,A,Q,1,23,26,C,rectangle,blue,small,0.1361,8,4,5,3,1,yes,2,yes,M
22,A,Q,1,24,13,C,circle,white,big,0.0692,8,6,5,3,3,yes,1,yes,C
22,A,Q,1,25,27,D,rectangle,green,small,0.0438,6,3,4,2,1,yes,1,yes,C
22,A,Q,1,26,24,D,triangle,blue,small,0.0332,5,4,3,3,1,yes,1,yes,C
22,A,Q,1,27,0,D,triangle,yellow,small,0.1932,7,6,4,5,1,yes,1,yes,C
22,A,Q,1,28,28,D,circle,yellow,small,0.153,6,4,4,2,2,yes,1,yes,C
22,A,Q,1,29,18,D,rectangle,yellow,big,0.0225,9,3,4,2,1,yes,1,yes,C
22,A,Q,1,30,12,D,circle,blue,big,0.2068,7,4,4,2,2,yes,1,yes,C
22,A,Q,1,31,5,D,circle,white,small,0.1415,9,4,5,3,1,yes,1,yes,C
22,A,Q,1,32,22,D,square,green,big,0.0669,5,4,4,2,2,yes,1,yes,C
23,A,Q,1,1,21,A,circle,yellow,big,0.0633,6,5,4,2,3,no,0,NA,NA
23,A,Q,1,2,15,A,square,green,big,0.0335,5,3,3,2,1,no,0,NA,NA
23,A,Q,0,3,25,A,triangle,white,small,0.1462,9,4,5,3,1,no,0,NA,NA
23,A,Q,1,4,29,A,circle,green,small,0.0541,6,4,5,3,1,yes,1,no,E
23,A,Q,1,5,9,A,triangle,blue,big,0.0575,5,3,3,2,1,yes,1,yes,F
23,A,Q,1,6,30,A,square,red,small,0.2043,6,3,4,2,1,no,0,NA,NA
23,A,Q,1,7,16,A,triangle,yellow,big,0.003,5,4,3,2,2,yes,1,yes,F
23,A,Q,0,8,31,A,square,yellow,small,0.1783,5,3,3,2,1,no,0,NA,NA
23,A,Q,1,9,3,B,rectangle,white,small,0.0032,9,4,5,3,1,yes,1,yes,F
23,A,Q,1,10,19,B,rectangle,red,big,0.1169,8,4,4,2,2,yes,1,yes,F
23,A,Q,1,11,20,B,circle,green,big,0.0416,6,3,4,2,1,yes,1,yes,F
23,A,Q,1,12,17,B,triangle,white,big,0.0868,6,4,5,2,2,no,0,NA,NA
23,A,Q,1,13,4,B,circle,green,small,0.1478,6,4,4,2,2,no,0,NA,NA
23,A,Q,1,14,8,B,triangle,blue,big,0.1491,7,5,5,2,3,no,0,NA,NA
23,A,Q,0,15,2,B,rectangle,green,small,0.1966,8,4,3,3,1,no,0,NA,NA
23,A,Q,1,16,10,B,rectangle,white,big,0.0515,6,3,3,2,1,yes,1,yes,F
23,A,Q,1,17,1,C,triangle,blue,small,0.0472,9,3,5,2,1,yes,1,yes,F
23,A,Q,1,18,23,C,square,blue,big,0.163,5,4,4,2,2,no,0,NA,NA
23,A,Q,1,19,14,C,square,red,big,0.0122,6,4,3,2,2,yes,1,yes,F
23,A,Q,0,20,7,C,square,blue,small,0.0673,7,5,5,4,1,no,0,NA,NA
23,A,Q,1,21,6,C,square,green,small,0.0976,5,4,4,2,2,no,0,NA,NA
23,A,Q,1,22,11,C,rectangle,red,big,0.0565,9,4,5,3,1,yes,1,yes,F
23,A,Q,0,23,26,C,rectangle,blue,small,0.1361,8,4,5,3,1,no,0,NA,NA
23,A,Q,1,24,13,C,circle,white,big,0.0692,8,6,5,3,3,no,0,NA,NA
23,A,Q,1,25,27,D,rectangle,green,small,0.0438,6,3,4,2,1,yes,1,yes,F
23,A,Q,1,26,24,D,triangle,blue,small,0.0332,5,4,3,3,1,yes,1,yes,F
23,A,Q,1,27,0,D,triangle,yellow,small,0.1932,7,6,4,5,1,yes,1,yes,F
23,A,Q,1,28,28,D,circle,yellow,small,0.153,6,4,4,2,2,no,0,NA,NA
23,A,Q,0,29,18,D,rectangle,yellow,big,0.0225,9,3,4,2,1,yes,1,no,F
23,A,Q,1,30,12,D,circle,blue,big,0.2068,7,4,4,2,2,no,0,NA,NA
23,A,Q,0,31,5,D,circle,white,small,0.1415,9,4,5,3,1,no,0,NA,NA
23,A,Q,1,32,22,D,square,green,big,0.0669,5,4,4,2,2,no,0,NA,NA
24,A,Q,0,1,21,A,circle,yellow,big,0.0633,6,5,4,2,3,no,0,NA,NA
24,A,Q,1,2,15,A,square,green,big,0.0335,5,3,3,2,1,yes,1,no,E
24,A,Q,0,3,25,A,triangle,white,small,0.1462,9,4,5,3,1,no,0,NA,NA
24,A,Q,1,4,29,A,circle,green,small,0.0541,6,4,5,3,1,yes,1,no,E
24,A,Q,1,5,9,A,triangle,blue,big,0.0575,5,3,3,2,1,yes,1,yes,B
24,A,Q,1,6,30,A,square,red,small,0.2043,6,3,4,2,1,yes,1,no,E
24,A,Q,1,7,16,A,triangle,yellow,big,0.003,5,4,3,2,2,yes,1,yes,B
24,A,Q,0,8,31,A,square,yellow,small,0.1783,5,3,3,2,1,no,0,NA,NA
24,A,Q,1,9,3,B,rectangle,white,small,0.0032,9,4,5,3,1,yes,1,no,B
24,A,Q,1,10,19,B,rectangle,red,big,0.1169,8,4,4,2,2,yes,1,yes,B
24,A,Q,1,11,20,B,circle,green,big,0.0416,6,3,4,2,1,yes,1,yes,B
24,A,Q,0,12,17,B,triangle,white,big,0.0868,6,4,5,2,2,yes,1,no,E
24,A,Q,1,13,4,B,circle,green,small,0.1478,6,4,4,2,2,yes,1,yes,B
24,A,Q,1,14,8,B,triangle,blue,big,0.1491,7,5,5,2,3,yes,1,yes,B
24,A,Q,1,15,2,B,rectangle,green,small,0.1966,8,4,3,3,1,yes,1,no,B
24,A,Q,1,16,10,B,rectangle,white,big,0.0515,6,3,3,2,1,yes,1,yes,B
24,A,Q,1,17,1,C,triangle,blue,small,0.0472,9,3,5,2,1,yes,1,yes,B
24,A,Q,1,18,23,C,square,blue,big,0.163,5,4,4,2,2,yes,1,yes,B
24,A,Q,1,19,14,C,square,red,big,0.0122,6,4,3,2,2,yes,1,yes,B
24,A,Q,1,20,7,C,square,blue,small,0.0673,7,5,5,4,1,yes,1,no,B
24,A,Q,1,21,6,C,square,green,small,0.0976,5,4,4,2,2,yes,1,yes,B
24,A,Q,1,22,11,C,rectangle,red,big,0.0565,9,4,5,3,1,no,0,NA,NA
24,A,Q,1,23,26,C,rectangle,blue,small,0.1361,8,4,5,3,1,yes,2,yes,M
24,A,Q,1,24,13,C,circle,white,big,0.0692,8,6,5,3,3,yes,1,yes,B
24,A,Q,0,25,27,D,rectangle,green,small,0.0438,6,3,4,2,1,no,0,NA,NA
24,A,Q,1,26,24,D,triangle,blue,small,0.0332,5,4,3,3,1,yes,1,no,B
24,A,Q,1,27,0,D,triangle,yellow,small,0.1932,7,6,4,5,1,yes,1,no,B
24,A,Q,1,28,28,D,circle,yellow,small,0.153,6,4,4,2,2,yes,1,yes,B
24,A,Q,1,29,18,D,rectangle,yellow,big,0.0225,9,3,4,2,1,yes,1,yes,B
24,A,Q,1,30,12,D,circle,blue,big,0.2068,7,4,4,2,2,yes,1,yes,B
24,A,Q,1,31,5,D,circle,white,small,0.1415,9,4,5,3,1,yes,2,yes,B
24,A,Q,1,32,22,D,square,green,big,0.0669,5,4,4,2,2,yes,1,yes,B
25,A,Q,1,1,21,A,circle,yellow,big,0.0633,6,5,4,2,3,no,0,NA,NA
25,A,Q,1,2,15,A,square,green,big,0.0335,5,3,3,2,1,yes,2,no,E
25,A,Q,0,3,25,A,triangle,white,small,0.1462,9,4,5,3,1,no,0,NA,NA
25,A,Q,0,4,29,A,circle,green,small,0.0541,6,4,5,3,1,no,0,NA,NA
25,A,Q,1,5,9,A,triangle,blue,big,0.0575,5,3,3,2,1,no,0,NA,NA
25,A,Q,1,6,30,A,square,red,small,0.2043,6,3,4,2,1,no,0,NA,NA
25,A,Q,0,7,16,A,triangle,yellow,big,0.003,5,4,3,2,2,yes,2,no,A
25,A,Q,0,8,31,A,square,yellow,small,0.1783,5,3,3,2,1,no,0,NA,NA
25,A,Q,0,9,3,B,rectangle,white,small,0.0032,9,4,5,3,1,no,0,NA,NA
25,A,Q,1,10,19,B,rectangle,red,big,0.1169,8,4,4,2,2,yes,1,no,A
25,A,Q,1,11,20,B,circle,green,big,0.0416,6,3,4,2,1,no,0,NA,NA
25,A,Q,1,12,17,B,triangle,white,big,0.0868,6,4,5,2,2,no,0,NA,NA
25,A,Q,0,13,4,B,circle,green,small,0.1478,6,4,4,2,2,no,0,NA,NA
25,A,Q,1,14,8,B,triangle,blue,big,0.1491,7,5,5,2,3,no,0,NA,NA
25,A,Q,1,15,2,B,rectangle,green,small,0.1966,8,4,3,3,1,no,0,NA,NA
25,A,Q,0,16,10,B,rectangle,white,big,0.0515,6,3,3,2,1,no,0,NA,NA
25,A,Q,1,17,1,C,triangle,blue,small,0.0472,9,3,5,2,1,no,0,NA,NA
25,A,Q,0,18,23,C,square,blue,big,0.163,5,4,4,2,2,no,0,NA,NA
25,A,Q,0,19,14,C,square,red,big,0.0122,6,4,3,2,2,no,0,NA,NA
25,A,Q,1,20,7,C,square,blue,small,0.0673,7,5,5,4,1,no,0,NA,NA
25,A,Q,0,21,6,C,square,green,small,0.0976,5,4,4,2,2,no,0,NA,NA
25,A,Q,1,22,11,C,rectangle,red,big,0.0565,9,4,5,3,1,yes,1,no,A
25,A,Q,1,23,26,C,rectangle,blue,small,0.1361,8,4,5,3,1,no,0,NA,NA
25,A,Q,1,24,13,C,circle,white,big,0.0692,8,6,5,3,3,no,0,NA,NA
25,A,Q,1,25,27,D,rectangle,green,small,0.0438,6,3,4,2,1,no,0,NA,NA
25,A,Q,0,26,24,D,triangle,blue,small,0.0332,5,4,3,3,1,no,0,NA,NA
25,A,Q,1,27,0,D,triangle,yellow,small,0.1932,7,6,4,5,1,no,0,NA,NA
25,A,Q,1,28,28,D,circle,yellow,small,0.153,6,4,4,2,2,no,0,NA,NA
25,A,Q,0,29,18,D,rectangle,yellow,big,0.0225,9,3,4,2,1,no,0,NA,NA
25,A,Q,1,30,12,D,circle,blue,big,0.2068,7,4,4,2,2,no,0,NA,NA
25,A,Q,1,31,5,D,circle,white,small,0.1415,9,4,5,3,1,no,0,NA,NA
25,A,Q,1,32,22,D,square,green,big,0.0669,5,4,4,2,2,no,0,NA,NA
26,A,Q,1,1,21,A,circle,yellow,big,0.0633,6,5,4,2,3,no,0,NA,NA
26,A,Q,1,2,15,A,square,green,big,0.0335,5,3,3,2,1,no,0,NA,NA
26,A,Q,0,3,25,A,triangle,white,small,0.1462,9,4,5,3,1,no,0,NA,NA
26,A,Q,0,4,29,A,circle,green,small,0.0541,6,4,5,3,1,no,0,NA,NA
26,A,Q,1,5,9,A,triangle,blue,big,0.0575,5,3,3,2,1,no,0,NA,NA
26,A,Q,1,6,30,A,square,red,small,0.2043,6,3,4,2,1,no,0,NA,NA
26,A,Q,1,7,16,A,triangle,yellow,big,0.003,5,4,3,2,2,no,0,NA,NA
26,A,Q,0,8,31,A,square,yellow,small,0.1783,5,3,3,2,1,no,0,NA,NA
26,A,Q,0,9,3,B,rectangle,white,small,0.0032,9,4,5,3,1,no,0,NA,NA
26,A,Q,1,10,19,B,rectangle,red,big,0.1169,8,4,4,2,2,yes,1,no,A
26,A,Q,1,11,20,B,circle,green,big,0.0416,6,3,4,2,1,no,0,NA,NA
26,A,Q,1,12,17,B,triangle,white,big,0.0868,6,4,5,2,2,no,0,NA,NA
26,A,Q,1,13,4,B,circle,green,small,0.1478,6,4,4,2,2,no,0,NA,NA
26,A,Q,1,14,8,B,triangle,blue,big,0.1491,7,5,5,2,3,no,0,NA,NA
26,A,Q,1,15,2,B,rectangle,green,small,0.1966,8,4,3,3,1,no,0,NA,NA
26,A,Q,1,16,10,B,rectangle,white,big,0.0515,6,3,3,2,1,yes,1,yes,G
26,A,Q,0,17,1,C,triangle,blue,small,0.0472,9,3,5,2,1,no,0,NA,NA
26,A,Q,1,18,23,C,square,blue,big,0.163,5,4,4,2,2,no,0,NA,NA
26,A,Q,1,19,14,C,square,red,big,0.0122,6,4,3,2,2,yes,1,yes,G
26,A,Q,0,20,7,C,square,blue,small,0.0673,7,5,5,4,1,no,0,NA,NA
26,A,Q,1,21,6,C,square,green,small,0.0976,5,4,4,2,2,no,0,NA,NA
26,A,Q,0,22,11,C,rectangle,red,big,0.0565,9,4,5,3,1,no,0,NA,NA
26,A,Q,1,23,26,C,rectangle,blue,small,0.1361,8,4,5,3,1,yes,1,yes,G
26,A,Q,0,24,13,C,circle,white,big,0.0692,8,6,5,3,3,no,0,NA,NA
26,A,Q,0,25,27,D,rectangle,green,small,0.0438,6,3,4,2,1,no,0,NA,NA
26,A,Q,0,26,24,D,triangle,blue,small,0.0332,5,4,3,3,1,no,0,NA,NA
26,A,Q,1,27,0,D,triangle,yellow,small,0.1932,7,6,4,5,1,no,0,NA,NA
26,A,Q,1,28,28,D,circle,yellow,small,0.153,6,4,4,2,2,yes,1,yes,G
26,A,Q,1,29,18,D,rectangle,yellow,big,0.0225,9,3,4,2,1,no,0,NA,NA
26,A,Q,1,30,12,D,circle,blue,big,0.2068,7,4,4,2,2,no,0,NA,NA
26,A,Q,1,31,5,D,circle,white,small,0.1415,9,4,5,3,1,yes,1,yes,G
26,A,Q,1,32,22,D,square,green,big,0.0669,5,4,4,2,2,yes,1,yes,G
27,A,Q,0,1,21,A,circle,yellow,big,0.0633,6,5,4,2,3,no,0,NA,NA
27,A,Q,1,2,15,A,square,green,big,0.0335,5,3,3,2,1,no,0,NA,NA
27,A,Q,1,3,25,A,triangle,white,small,0.1462,9,4,5,3,1,yes,1,yes,B
27,A,Q,1,4,29,A,circle,green,small,0.0541,6,4,5,3,1,yes,1,no,B
27,A,Q,1,5,9,A,triangle,blue,big,0.0575,5,3,3,2,1,no,0,NA,NA
27,A,Q,1,6,30,A,square,red,small,0.2043,6,3,4,2,1,yes,1,yes,B
27,A,Q,0,7,16,A,triangle,yellow,big,0.003,5,4,3,2,2,no,0,NA,NA
27,A,Q,1,8,31,A,square,yellow,small,0.1783,5,3,3,2,1,yes,2,yes,B
27,A,Q,0,9,3,B,rectangle,white,small,0.0032,9,4,5,3,1,no,0,NA,NA
27,A,Q,1,10,19,B,rectangle,red,big,0.1169,8,4,4,2,2,yes,1,yes,B
27,A,Q,0,11,20,B,circle,green,big,0.0416,6,3,4,2,1,no,0,NA,NA
27,A,Q,1,12,17,B,triangle,white,big,0.0868,6,4,5,2,2,yes,1,yes,B
27,A,Q,0,13,4,B,circle,green,small,0.1478,6,4,4,2,2,yes,1,no,B
27,A,Q,1,14,8,B,triangle,blue,big,0.1491,7,5,5,2,3,yes,1,yes,B
27,A,Q,1,15,2,B,rectangle,green,small,0.1966,8,4,3,3,1,no,0,NA,NA
27,A,Q,1,16,10,B,rectangle,white,big,0.0515,6,3,3,2,1,yes,1,yes,B
27,A,Q,1,17,1,C,triangle,blue,small,0.0472,9,3,5,2,1,no,0,NA,NA
27,A,Q,1,18,23,C,square,blue,big,0.163,5,4,4,2,2,yes,1,yes,B
27,A,Q,1,19,14,C,square,red,big,0.0122,6,4,3,2,2,yes,1,yes,B
27,A,Q,1,20,7,C,square,blue,small,0.0673,7,5,5,4,1,yes,1,no,B
27,A,Q,1,21,6,C,square,green,small,0.0976,5,4,4,2,2,no,0,NA,NA
27,A,Q,1,22,11,C,rectangle,red,big,0.0565,9,4,5,3,1,no,0,NA,NA
27,A,Q,1,23,26,C,rectangle,blue,small,0.1361,8,4,5,3,1,yes,2,yes,M
27,A,Q,1,24,13,C,circle,white,big,0.0692,8,6,5,3,3,yes,1,no,E
27,A,Q,1,25,27,D,rectangle,green,small,0.0438,6,3,4,2,1,yes,1,yes,B
27,A,Q,1,26,24,D,triangle,blue,small,0.0332,5,4,3,3,1,no,0,NA,NA
27,A,Q,1,27,0,D,triangle,yellow,small,0.1932,7,6,4,5,1,no,0,NA,NA
27,A,Q,1,28,28,D,circle,yellow,small,0.153,6,4,4,2,2,no,0,NA,NA
27,A,Q,1,29,18,D,rectangle,yellow,big,0.0225,9,3,4,2,1,yes,1,yes,B
27,A,Q,1,30,12,D,circle,blue,big,0.2068,7,4,4,2,2,no,0,NA,NA
27,A,Q,0,31,5,D,circle,white,small,0.1415,9,4,5,3,1,no,0,NA,NA
27,A,Q,1,32,22,D,square,green,big,0.0669,5,4,4,2,2,yes,1,yes,B
28,A,Q,1,1,21,A,circle,yellow,big,0.0633,6,5,4,2,3,no,0,NA,NA
28,A,Q,1,2,15,A,square,green,big,0.0335,5,3,3,2,1,no,0,NA,NA
28,A,Q,0,3,25,A,triangle,white,small,0.1462,9,4,5,3,1,no,0,NA,NA
28,A,Q,0,4,29,A,circle,green,small,0.0541,6,4,5,3,1,yes,2,no,A
28,A,Q,1,5,9,A,triangle,blue,big,0.0575,5,3,3,2,1,no,0,NA,NA
28,A,Q,1,6,30,A,square,red,small,0.2043,6,3,4,2,1,no,0,NA,NA
28,A,Q,0,7,16,A,triangle,yellow,big,0.003,5,4,3,2,2,no,0,NA,NA
28,A,Q,1,8,31,A,square,yellow,small,0.1783,5,3,3,2,1,no,0,NA,NA
28,A,Q,0,9,3,B,rectangle,white,small,0.0032,9,4,5,3,1,no,0,NA,NA
28,A,Q,1,10,19,B,rectangle,red,big,0.1169,8,4,4,2,2,no,0,NA,NA
28,A,Q,1,11,20,B,circle,green,big,0.0416,6,3,4,2,1,no,0,NA,NA
28,A,Q,1,12,17,B,triangle,white,big,0.0868,6,4,5,2,2,no,0,NA,NA
28,A,Q,1,13,4,B,circle,green,small,0.1478,6,4,4,2,2,no,0,NA,NA
28,A,Q,1,14,8,B,triangle,blue,big,0.1491,7,5,5,2,3,no,0,NA,NA
28,A,Q,1,15,2,B,rectangle,green,small,0.1966,8,4,3,3,1,no,0,NA,NA
28,A,Q,1,16,10,B,rectangle,white,big,0.0515,6,3,3,2,1,no,0,NA,NA
28,A,Q,1,17,1,C,triangle,blue,small,0.0472,9,3,5,2,1,no,0,NA,NA
28,A,Q,0,18,23,C,square,blue,big,0.163,5,4,4,2,2,no,0,NA,NA
28,A,Q,1,19,14,C,square,red,big,0.0122,6,4,3,2,2,yes,1,yes,B
28,A,Q,0,20,7,C,square,blue,small,0.0673,7,5,5,4,1,no,0,NA,NA
28,A,Q,1,21,6,C,square,green,small,0.0976,5,4,4,2,2,yes,1,yes,B
28,A,Q,0,22,11,C,rectangle,red,big,0.0565,9,4,5,3,1,no,0,NA,NA
28,A,Q,1,23,26,C,rectangle,blue,small,0.1361,8,4,5,3,1,yes,1,no,B
28,A,Q,1,24,13,C,circle,white,big,0.0692,8,6,5,3,3,no,0,NA,NA
28,A,Q,0,25,27,D,rectangle,green,small,0.0438,6,3,4,2,1,no,0,NA,NA
28,A,Q,0,26,24,D,triangle,blue,small,0.0332,5,4,3,3,1,no,0,NA,NA
28,A,Q,0,27,0,D,triangle,yellow,small,0.1932,7,6,4,5,1,no,0,NA,NA
28,A,Q,1,28,28,D,circle,yellow,small,0.153,6,4,4,2,2,no,0,NA,NA
28,A,Q,1,29,18,D,rectangle,yellow,big,0.0225,9,3,4,2,1,yes,1,yes,B
28,A,Q,1,30,12,D,circle,blue,big,0.2068,7,4,4,2,2,no,0,NA,NA
28,A,Q,1,31,5,D,circle,white,small,0.1415,9,4,5,3,1,yes,1,no,B
28,A,Q,1,32,22,D,square,green,big,0.0669,5,4,4,2,2,no,0,NA,NA
29,A,Q,1,1,21,A,circle,yellow,big,0.0633,6,5,4,2,3,no,0,NA,NA
29,A,Q,1,2,15,A,square,green,big,0.0335,5,3,3,2,1,no,0,NA,NA
29,A,Q,1,3,25,A,triangle,white,small,0.1462,9,4,5,3,1,no,0,NA,NA
29,A,Q,0,4,29,A,circle,green,small,0.0541,6,4,5,3,1,no,0,NA,NA
29,A,Q,1,5,9,A,triangle,blue,big,0.0575,5,3,3,2,1,no,0,NA,NA
29,A,Q,1,6,30,A,square,red,small,0.2043,6,3,4,2,1,no,0,NA,NA
29,A,Q,0,7,16,A,triangle,yellow,big,0.003,5,4,3,2,2,no,0,NA,NA
29,A,Q,0,8,31,A,square,yellow,small,0.1783,5,3,3,2,1,no,0,NA,NA
29,A,Q,1,9,3,B,rectangle,white,small,0.0032,9,4,5,3,1,no,0,NA,NA
29,A,Q,1,10,19,B,rectangle,red,big,0.1169,8,4,4,2,2,yes,1,no,A
29,A,Q,1,11,20,B,circle,green,big,0.0416,6,3,4,2,1,no,0,NA,NA
29,A,Q,1,12,17,B,triangle,white,big,0.0868,6,4,5,2,2,no,0,NA,NA
29,A,Q,0,13,4,B,circle,green,small,0.1478,6,4,4,2,2,no,0,NA,NA
29,A,Q,1,14,8,B,triangle,blue,big,0.1491,7,5,5,2,3,no,0,NA,NA
29,A,Q,1,15,2,B,rectangle,green,small,0.1966,8,4,3,3,1,no,0,NA,NA
29,A,Q,1,16,10,B,rectangle,white,big,0.0515,6,3,3,2,1,no,0,NA,NA
29,A,Q,0,17,1,C,triangle,blue,small,0.0472,9,3,5,2,1,no,0,NA,NA
29,A,Q,1,18,23,C,square,blue,big,0.163,5,4,4,2,2,no,0,NA,NA
29,A,Q,1,19,14,C,square,red,big,0.0122,6,4,3,2,2,no,0,NA,NA
29,A,Q,0,20,7,C,square,blue,small,0.0673,7,5,5,4,1,no,0,NA,NA
29,A,Q,1,21,6,C,square,green,small,0.0976,5,4,4,2,2,no,0,NA,NA
29,A,Q,1,22,11,C,rectangle,red,big,0.0565,9,4,5,3,1,no,0,NA,NA
29,A,Q,1,23,26,C,rectangle,blue,small,0.1361,8,4,5,3,1,no,0,NA,NA
29,A,Q,1,24,13,C,circle,white,big,0.0692,8,6,5,3,3,no,0,NA,NA
29,A,Q,0,25,27,D,rectangle,green,small,0.0438,6,3,4,2,1,no,0,NA,NA
29,A,Q,0,26,24,D,triangle,blue,small,0.0332,5,4,3,3,1,no,0,NA,NA
29,A,Q,1,27,0,D,triangle,yellow,small,0.1932,7,6,4,5,1,no,0,NA,NA
29,A,Q,0,28,28,D,circle,yellow,small,0.153,6,4,4,2,2,yes,1,no,E
29,A,Q,1,29,18,D,rectangle,yellow,big,0.0225,9,3,4,2,1,no,0,NA,NA
29,A,Q,1,30,12,D,circle,blue,big,0.2068,7,4,4,2,2,no,0,NA,NA
29,A,Q,0,31,5,D,circle,white,small,0.1415,9,4,5,3,1,no,0,NA,NA
29,A,Q,1,32,22,D,square,green,big,0.0669,5,4,4,2,2,no,0,NA,NA
30,A,Q,0,1,21,A,circle,yellow,big,0.0633,6,5,4,2,3,no,0,NA,NA
30,A,Q,1,2,15,A,square,green,big,0.0335,5,3,3,2,1,no,0,NA,NA
30,A,Q,0,3,25,A,triangle,white,small,0.1462,9,4,5,3,1,no,0,NA,NA
30,A,Q,0,4,29,A,circle,green,small,0.0541,6,4,5,3,1,no,0,NA,NA
30,A,Q,1,5,9,A,triangle,blue,big,0.0575,5,3,3,2,1,yes,1,no,A
30,A,Q,0,6,30,A,square,red,small,0.2043,6,3,4,2,1,yes,1,no,A
30,A,Q,1,7,16,A,triangle,yellow,big,0.003,5,4,3,2,2,no,0,NA,NA
30,A,Q,0,8,31,A,square,yellow,small,0.1783,5,3,3,2,1,yes,1,no,H
30,A,Q,1,9,3,B,rectangle,white,small,0.0032,9,4,5,3,1,no,0,NA,NA
30,A,Q,0,10,19,B,rectangle,red,big,0.1169,8,4,4,2,2,no,0,NA,NA
30,A,Q,1,11,20,B,circle,green,big,0.0416,6,3,4,2,1,yes,1,no,A
30,A,Q,1,12,17,B,triangle,white,big,0.0868,6,4,5,2,2,no,0,NA,NA
30,A,Q,1,13,4,B,circle,green,small,0.1478,6,4,4,2,2,no,0,NA,NA
30,A,Q,0,14,8,B,triangle,blue,big,0.1491,7,5,5,2,3,no,0,NA,NA
30,A,Q,1,15,2,B,rectangle,green,small,0.1966,8,4,3,3,1,no,0,NA,NA
30,A,Q,0,16,10,B,rectangle,white,big,0.0515,6,3,3,2,1,no,0,NA,NA
30,A,Q,1,17,1,C,triangle,blue,small,0.0472,9,3,5,2,1,no,0,NA,NA
30,A,Q,0,18,23,C,square,blue,big,0.163,5,4,4,2,2,no,0,NA,NA
30,A,Q,0,19,14,C,square,red,big,0.0122,6,4,3,2,2,no,0,NA,NA
30,A,Q,0,20,7,C,square,blue,small,0.0673,7,5,5,4,1,yes,1,no,E
30,A,Q,1,21,6,C,square,green,small,0.0976,5,4,4,2,2,no,0,NA,NA
30,A,Q,1,22,11,C,rectangle,red,big,0.0565,9,4,5,3,1,no,0,NA,NA
30,A,Q,1,23,26,C,rectangle,blue,small,0.1361,8,4,5,3,1,no,0,NA,NA
30,A,Q,1,24,13,C,circle,white,big,0.0692,8,6,5,3,3,no,0,NA,NA
30,A,Q,1,25,27,D,rectangle,green,small,0.0438,6,3,4,2,1,no,0,NA,NA
30,A,Q,0,26,24,D,triangle,blue,small,0.0332,5,4,3,3,1,no,0,NA,NA
30,A,Q,1,27,0,D,triangle,yellow,small,0.1932,7,6,4,5,1,no,0,NA,NA
30,A,Q,0,28,28,D,circle,yellow,small,0.153,6,4,4,2,2,no,0,NA,NA
30,A,Q,1,29,18,D,rectangle,yellow,big,0.0225,9,3,4,2,1,no,0,NA,NA
30,A,Q,1,30,12,D,circle,blue,big,0.2068,7,4,4,2,2,no,0,NA,NA
30,A,Q,1,31,5,D,circle,white,small,0.1415,9,4,5,3,1,no,0,NA,NA
30,A,Q,1,32,22,D,square,green,big,0.0669,5,4,4,2,2,no,0,NA,NA
31,B,Q,1,1,8,A,triangle,blue,big,0.1491,7,5,5,2,3,no,0,NA,NA
31,B,Q,1,2,31,A,square,yellow,small,0.1783,5,3,3,2,1,yes,1,no,E
31,B,Q,1,3,28,A,circle,yellow,small,0.153,6,4,4,2,2,no,0,NA,NA
31,B,Q,0,4,29,A,circle,green,small,0.0541,6,4,5,3,1,no,0,NA,NA
31,B,Q,1,5,16,A,triangle,yellow,big,0.003,5,4,3,2,2,no,0,NA,NA
31,B,Q,0,6,27,A,rectangle,green,small,0.0438,6,3,4,2,1,no,0,NA,NA
31,B,Q,0,7,7,A,square,blue,small,0.0673,7,5,5,4,1,yes,1,no,D
31,B,Q,1,8,13,A,circle,white,big,0.0692,8,6,5,3,3,no,0,NA,NA
31,B,Q,1,9,18,B,rectangle,yellow,big,0.0225,9,3,4,2,1,no,0,NA,NA
31,B,Q,1,10,19,B,rectangle,red,big,0.1169,8,4,4,2,2,no,0,NA,NA
31,B,Q,1,11,17,B,triangle,white,big,0.0868,6,4,5,2,2,no,0,NA,NA
31,B,Q,1,12,5,B,circle,white,small,0.1415,9,4,5,3,1,no,0,NA,NA
31,B,Q,0,13,3,B,rectangle,white,small,0.0032,9,4,5,3,1,no,0,NA,NA
31,B,Q,0,14,20,B,circle,green,big,0.0416,6,3,4,2,1,yes,1,no,D
31,B,Q,1,15,12,B,circle,blue,big,0.2068,7,4,4,2,2,no,0,NA,NA
31,B,Q,1,16,23,B,square,blue,big,0.163,5,4,4,2,2,no,0,NA,NA
31,B,Q,1,17,21,C,circle,yellow,big,0.0633,6,5,4,2,3,no,0,NA,NA
31,B,Q,0,18,0,C,triangle,yellow,small,0.1932,7,6,4,5,1,no,0,NA,NA
31,B,Q,0,19,11,C,rectangle,red,big,0.0565,9,4,5,3,1,no,0,NA,NA
31,B,Q,1,20,15,C,square,green,big,0.0335,5,3,3,2,1,no,0,NA,NA
31,B,Q,0,21,26,C,rectangle,blue,small,0.1361,8,4,5,3,1,no,0,NA,NA
31,B,Q,1,22,4,C,circle,green,small,0.1478,6,4,4,2,2,no,0,NA,NA
31,B,Q,0,23,2,C,rectangle,green,small,0.1966,8,4,3,3,1,no,0,NA,NA
31,B,Q,1,24,14,C,square,red,big,0.0122,6,4,3,2,2,no,0,NA,NA
31,B,Q,1,25,9,D,triangle,blue,big,0.0575,5,3,3,2,1,no,0,NA,NA
31,B,Q,0,26,24,D,triangle,blue,small,0.0332,5,4,3,3,1,no,0,NA,NA
31,B,Q,0,27,25,D,triangle,white,small,0.1462,9,4,5,3,1,no,0,NA,NA
31,B,Q,1,28,6,D,square,green,small,0.0976,5,4,4,2,2,no,0,NA,NA
31,B,Q,1,29,10,D,rectangle,white,big,0.0515,6,3,3,2,1,no,0,NA,NA
31,B,Q,1,30,1,D,triangle,blue,small,0.0472,9,3,5,2,1,no,0,NA,NA
31,B,Q,1,31,22,D,square,green,big,0.0669,5,4,4,2,2,no,0,NA,NA
31,B,Q,0,32,30,D,square,red,small,0.2043,6,3,4,2,1,no,0,NA,NA
32,B,Q,1,1,8,A,triangle,blue,big,0.1491,7,5,5,2,3,no,0,NA,NA
32,B,Q,1,2,31,A,square,yellow,small,0.1783,5,3,3,2,1,yes,1,yes,B
32,B,Q,1,3,28,A,circle,yellow,small,0.153,6,4,4,2,2,no,0,NA,NA
32,B,Q,1,4,29,A,circle,green,small,0.0541,6,4,5,3,1,yes,1,no,B
32,B,Q,1,5,16,A,triangle,yellow,big,0.003,5,4,3,2,2,no,0,NA,NA
32,B,Q,1,6,27,A,rectangle,green,small,0.0438,6,3,4,2,1,yes,1,yes,B
32,B,Q,1,7,7,A,square,blue,small,0.0673,7,5,5,4,1,no,0,NA,NA
32,B,Q,1,8,13,A,circle,white,big,0.0692,8,6,5,3,3,yes,1,yes,G
32,B,Q,1,9,18,B,rectangle,yellow,big,0.0225,9,3,4,2,1,no,0,NA,NA
32,B,Q,1,10,19,B,rectangle,red,big,0.1169,8,4,4,2,2,yes,1,yes,G
32,B,Q,1,11,17,B,triangle,white,big,0.0868,6,4,5,2,2,no,0,NA,NA
32,B,Q,1,12,5,B,circle,white,small,0.1415,9,4,5,3,1,yes,1,yes,F
32,B,Q,1,13,3,B,rectangle,white,small,0.0032,9,4,5,3,1,yes,1,no,B
32,B,Q,1,14,20,B,circle,green,big,0.0416,6,3,4,2,1,no,0,NA,NA
32,B,Q,1,15,12,B,circle,blue,big,0.2068,7,4,4,2,2,no,0,NA,NA
32,B,Q,0,16,23,B,square,blue,big,0.163,5,4,4,2,2,no,0,NA,NA
32,B,Q,1,17,21,C,circle,yellow,big,0.0633,6,5,4,2,3,no,0,NA,NA
32,B,Q,1,18,0,C,triangle,yellow,small,0.1932,7,6,4,5,1,yes,1,no,B
32,B,Q,1,19,11,C,rectangle,red,big,0.0565,9,4,5,3,1,yes,1,yes,B
32,B,Q,1,20,15,C,square,green,big,0.0335,5,3,3,2,1,no,0,NA,NA
32,B,Q,1,21,26,C,rectangle,blue,small,0.1361,8,4,5,3,1,no,0,NA,NA
32,B,Q,1,22,4,C,circle,green,small,0.1478,6,4,4,2,2,no,0,NA,NA
32,B,Q,1,23,2,C,rectangle,green,small,0.1966,8,4,3,3,1,no,0,NA,NA
32,B,Q,0,24,14,C,square,red,big,0.0122,6,4,3,2,2,no,0,NA,NA
32,B,Q,1,25,9,D,triangle,blue,big,0.0575,5,3,3,2,1,no,0,NA,NA
32,B,Q,0,26,24,D,triangle,blue,small,0.0332,5,4,3,3,1,no,0,NA,NA
32,B,Q,1,27,25,D,triangle,white,small,0.1462,9,4,5,3,1,yes,1,no,B
32,B,Q,1,28,6,D,square,green,small,0.0976,5,4,4,2,2,no,0,NA,NA
32,B,Q,1,29,10,D,rectangle,white,big,0.0515,6,3,3,2,1,yes,1,yes,B
32,B,Q,1,30,1,D,triangle,blue,small,0.0472,9,3,5,2,1,yes,1,yes,B
32,B,Q,1,31,22,D,square,green,big,0.0669,5,4,4,2,2,no,0,NA,NA
32,B,Q,1,32,30,D,square,red,small,0.2043,6,3,4,2,1,no,0,NA,NA
33,B,Q,1,1,8,A,triangle,blue,big,0.1491,7,5,5,2,3,no,0,NA,NA
33,B,Q,1,2,31,A,square,yellow,small,0.1783,5,3,3,2,1,yes,1,no,E
33,B,Q,0,3,28,A,circle,yellow,small,0.153,6,4,4,2,2,yes,1,no,E
33,B,Q,1,4,29,A,circle,green,small,0.0541,6,4,5,3,1,yes,3,no,E
33,B,Q,1,5,16,A,triangle,yellow,big,0.003,5,4,3,2,2,no,0,NA,NA
33,B,Q,0,6,27,A,rectangle,green,small,0.0438,6,3,4,2,1,no,0,NA,NA
33,B,Q,0,7,7,A,square,blue,small,0.0673,7,5,5,4,1,yes,1,no,E
33,B,Q,1,8,13,A,circle,white,big,0.0692,8,6,5,3,3,no,0,NA,NA
33,B,Q,0,9,18,B,rectangle,yellow,big,0.0225,9,3,4,2,1,yes,2,no,E
33,B,Q,1,10,19,B,rectangle,red,big,0.1169,8,4,4,2,2,no,0,NA,NA
33,B,Q,0,11,17,B,triangle,white,big,0.0868,6,4,5,2,2,yes,1,no,E
33,B,Q,1,12,5,B,circle,white,small,0.1415,9,4,5,3,1,yes,1,no,E
33,B,Q,0,13,3,B,rectangle,white,small,0.0032,9,4,5,3,1,yes,1,no,E
33,B,Q,1,14,20,B,circle,green,big,0.0416,6,3,4,2,1,no,0,NA,NA
33,B,Q,1,15,12,B,circle,blue,big,0.2068,7,4,4,2,2,yes,1,no,E
33,B,Q,1,16,23,B,square,blue,big,0.163,5,4,4,2,2,no,0,NA,NA
33,B,Q,1,17,21,C,circle,yellow,big,0.0633,6,5,4,2,3,yes,1,no,A
33,B,Q,0,18,0,C,triangle,yellow,small,0.1932,7,6,4,5,1,no,0,NA,NA
33,B,Q,1,19,11,C,rectangle,red,big,0.0565,9,4,5,3,1,yes,1,no,E
33,B,Q,1,20,15,C,square,green,big,0.0335,5,3,3,2,1,no,0,NA,NA
33,B,Q,1,21,26,C,rectangle,blue,small,0.1361,8,4,5,3,1,yes,1,no,E
33,B,Q,1,22,4,C,circle,green,small,0.1478,6,4,4,2,2,yes,2,no,M
33,B,Q,1,23,2,C,rectangle,green,small,0.1966,8,4,3,3,1,no,0,NA,NA
33,B,Q,1,24,14,C,square,red,big,0.0122,6,4,3,2,2,no,0,NA,NA
33,B,Q,1,25,9,D,triangle,blue,big,0.0575,5,3,3,2,1,no,0,NA,NA
33,B,Q,1,26,24,D,triangle,blue,small,0.0332,5,4,3,3,1,no,0,NA,NA
33,B,Q,1,27,25,D,triangle,white,small,0.1462,9,4,5,3,1,yes,1,no,E
33,B,Q,1,28,6,D,square,green,small,0.0976,5,4,4,2,2,no,0,NA,NA
33,B,Q,0,29,10,D,rectangle,white,big,0.0515,6,3,3,2,1,no,0,NA,NA
33,B,Q,1,30,1,D,triangle,blue,small,0.0472,9,3,5,2,1,yes,1,no,E
33,B,Q,1,31,22,D,square,green,big,0.0669,5,4,4,2,2,no,0,NA,NA
33,B,Q,0,32,30,D,square,red,small,0.2043,6,3,4,2,1,no,0,NA,NA
34,B,Q,1,1,8,A,triangle,blue,big,0.1491,7,5,5,2,3,no,0,NA,NA
34,B,Q,1,2,31,A,square,yellow,small,0.1783,5,3,3,2,1,no,0,NA,NA
34,B,Q,1,3,28,A,circle,yellow,small,0.153,6,4,4,2,2,no,0,NA,NA
34,B,Q,0,4,29,A,circle,green,small,0.0541,6,4,5,3,1,no,0,NA,NA
34,B,Q,0,5,16,A,triangle,yellow,big,0.003,5,4,3,2,2,no,0,NA,NA
34,B,Q,0,6,27,A,rectangle,green,small,0.0438,6,3,4,2,1,no,0,NA,NA
34,B,Q,0,7,7,A,square,blue,small,0.0673,7,5,5,4,1,yes,1,no,E
34,B,Q,0,8,13,A,circle,white,big,0.0692,8,6,5,3,3,no,0,NA,NA
34,B,Q,1,9,18,B,rectangle,yellow,big,0.0225,9,3,4,2,1,no,0,NA,NA
34,B,Q,1,10,19,B,rectangle,red,big,0.1169,8,4,4,2,2,no,0,NA,NA
34,B,Q,1,11,17,B,triangle,white,big,0.0868,6,4,5,2,2,no,0,NA,NA
34,B,Q,0,12,5,B,circle,white,small,0.1415,9,4,5,3,1,no,0,NA,NA
34,B,Q,0,13,3,B,rectangle,white,small,0.0032,9,4,5,3,1,no,0,NA,NA
34,B,Q,0,14,20,B,circle,green,big,0.0416,6,3,4,2,1,no,0,NA,NA
34,B,Q,1,15,12,B,circle,blue,big,0.2068,7,4,4,2,2,no,0,NA,NA
34,B,Q,1,16,23,B,square,blue,big,0.163,5,4,4,2,2,no,0,NA,NA
34,B,Q,1,17,21,C,circle,yellow,big,0.0633,6,5,4,2,3,no,0,NA,NA
34,B,Q,0,18,0,C,triangle,yellow,small,0.1932,7,6,4,5,1,yes,1,no,E
34,B,Q,0,19,11,C,rectangle,red,big,0.0565,9,4,5,3,1,no,0,NA,NA
34,B,Q,1,20,15,C,square,green,big,0.0335,5,3,3,2,1,no,0,NA,NA
34,B,Q,1,21,26,C,rectangle,blue,small,0.1361,8,4,5,3,1,no,0,NA,NA
34,B,Q,0,22,4,C,circle,green,small,0.1478,6,4,4,2,2,no,0,NA,NA
34,B,Q,0,23,2,C,rectangle,green,small,0.1966,8,4,3,3,1,no,0,NA,NA
34,B,Q,0,24,14,C,square,red,big,0.0122,6,4,3,2,2,no,0,NA,NA
34,B,Q,1,25,9,D,triangle,blue,big,0.0575,5,3,3,2,1,no,0,NA,NA
34,B,Q,0,26,24,D,triangle,blue,small,0.0332,5,4,3,3,1,no,0,NA,NA
34,B,Q,1,27,25,D,triangle,white,small,0.1462,9,4,5,3,1,no,0,NA,NA
34,B,Q,1,28,6,D,square,green,small,0.0976,5,4,4,2,2,no,0,NA,NA
34,B,Q,0,29,10,D,rectangle,white,big,0.0515,6,3,3,2,1,no,0,NA,NA
34,B,Q,1,30,1,D,triangle,blue,small,0.0472,9,3,5,2,1,no,0,NA,NA
34,B,Q,1,31,22,D,square,green,big,0.0669,5,4,4,2,2,no,0,NA,NA
34,B,Q,0,32,30,D,square,red,small,0.2043,6,3,4,2,1,no,0,NA,NA
35,B,Q,1,1,8,A,triangle,blue,big,0.1491,7,5,5,2,3,no,0,NA,NA
35,B,Q,1,2,31,A,square,yellow,small,0.1783,5,3,3,2,1,yes,5,yes,G
35,B,Q,0,3,28,A,circle,yellow,small,0.153,6,4,4,2,2,yes,1,no,E
35,B,Q,1,4,29,A,circle,green,small,0.0541,6,4,5,3,1,yes,1,yes,G
35,B,Q,0,5,16,A,triangle,yellow,big,0.003,5,4,3,2,2,yes,1,no,E
35,B,Q,0,6,27,A,rectangle,green,small,0.0438,6,3,4,2,1,no,0,NA,NA
35,B,Q,1,7,7,A,square,blue,small,0.0673,7,5,5,4,1,yes,1,no,B
35,B,Q,1,8,13,A,circle,white,big,0.0692,8,6,5,3,3,yes,1,yes,G
35,B,Q,1,9,18,B,rectangle,yellow,big,0.0225,9,3,4,2,1,no,0,NA,NA
35,B,Q,1,10,19,B,rectangle,red,big,0.1169,8,4,4,2,2,yes,1,yes,G
35,B,Q,1,11,17,B,triangle,white,big,0.0868,6,4,5,2,2,no,0,NA,NA
35,B,Q,0,12,5,B,circle,white,small,0.1415,9,4,5,3,1,yes,1,no,E
35,B,Q,0,13,3,B,rectangle,white,small,0.0032,9,4,5,3,1,yes,1,yes,B
35,B,Q,1,14,20,B,circle,green,big,0.0416,6,3,4,2,1,yes,2,yes,G
35,B,Q,1,15,12,B,circle,blue,big,0.2068,7,4,4,2,2,yes,1,yes,B
35,B,Q,1,16,23,B,square,blue,big,0.163,5,4,4,2,2,yes,1,yes,B
35,B,Q,1,17,21,C,circle,yellow,big,0.0633,6,5,4,2,3,yes,1,yes,G
35,B,Q,1,18,0,C,triangle,yellow,small,0.1932,7,6,4,5,1,yes,1,yes,G
35,B,Q,1,19,11,C,rectangle,red,big,0.0565,9,4,5,3,1,yes,1,yes,G
35,B,Q,1,20,15,C,square,green,big,0.0335,5,3,3,2,1,no,0,NA,NA
35,B,Q,0,21,26,C,rectangle,blue,small,0.1361,8,4,5,3,1,no,0,NA,NA
35,B,Q,1,22,4,C,circle,green,small,0.1478,6,4,4,2,2,yes,1,yes,G
35,B,Q,1,23,2,C,rectangle,green,small,0.1966,8,4,3,3,1,yes,1,yes,G
35,B,Q,1,24,14,C,square,red,big,0.0122,6,4,3,2,2,yes,1,yes,B
35,B,Q,1,25,9,D,triangle,blue,big,0.0575,5,3,3,2,1,yes,1,yes,G
35,B,Q,1,26,24,D,triangle,blue,small,0.0332,5,4,3,3,1,yes,1,yes,G
35,B,Q,1,27,25,D,triangle,white,small,0.1462,9,4,5,3,1,yes,1,yes,G
35,B,Q,1,28,6,D,square,green,small,0.0976,5,4,4,2,2,yes,1,yes,G
35,B,Q,1,29,10,D,rectangle,white,big,0.0515,6,3,3,2,1,yes,2,yes,G
35,B,Q,1,30,1,D,triangle,blue,small,0.0472,9,3,5,2,1,yes,1,yes,B
35,B,Q,1,31,22,D,square,green,big,0.0669,5,4,4,2,2,yes,1,yes,B
35,B,Q,1,32,30,D,square,red,small,0.2043,6,3,4,2,1,yes,1,yes,B
36,B,Q,1,1,8,A,triangle,blue,big,0.1491,7,5,5,2,3,no,0,NA,NA
36,B,Q,1,2,31,A,square,yellow,small,0.1783,5,3,3,2,1,no,0,NA,NA
36,B,Q,0,3,28,A,circle,yellow,small,0.153,6,4,4,2,2,no,0,NA,NA
36,B,Q,0,4,29,A,circle,green,small,0.0541,6,4,5,3,1,no,0,NA,NA
36,B,Q,0,5,16,A,triangle,yellow,big,0.003,5,4,3,2,2,no,0,NA,NA
36,B,Q,0,6,27,A,rectangle,green,small,0.0438,6,3,4,2,1,no,0,NA,NA
36,B,Q,0,7,7,A,square,blue,small,0.0673,7,5,5,4,1,no,0,NA,NA
36,B,Q,1,8,13,A,circle,white,big,0.0692,8,6,5,3,3,no,0,NA,NA
36,B,Q,1,9,18,B,rectangle,yellow,big,0.0225,9,3,4,2,1,no,0,NA,NA
36,B,Q,1,10,19,B,rectangle,red,big,0.1169,8,4,4,2,2,no,0,NA,NA
36,B,Q,1,11,17,B,triangle,white,big,0.0868,6,4,5,2,2,no,0,NA,NA
36,B,Q,1,12,5,B,circle,white,small,0.1415,9,4,5,3,1,no,0,NA,NA
36,B,Q,0,13,3,B,rectangle,white,small,0.0032,9,4,5,3,1,no,0,NA,NA
36,B,Q,0,14,20,B,circle,green,big,0.0416,6,3,4,2,1,no,0,NA,NA
36,B,Q,1,15,12,B,circle,blue,big,0.2068,7,4,4,2,2,no,0,NA,NA
36,B,Q,1,16,23,B,square,blue,big,0.163,5,4,4,2,2,no,0,NA,NA
36,B,Q,0,17,21,C,circle,yellow,big,0.0633,6,5,4,2,3,no,0,NA,NA
36,B,Q,0,18,0,C,triangle,yellow,small,0.1932,7,6,4,5,1,no,0,NA,NA
36,B,Q,1,19,11,C,rectangle,red,big,0.0565,9,4,5,3,1,no,0,NA,NA
36,B,Q,1,20,15,C,square,green,big,0.0335,5,3,3,2,1,no,0,NA,NA
36,B,Q,1,21,26,C,rectangle,blue,small,0.1361,8,4,5,3,1,no,0,NA,NA
36,B,Q,0,22,4,C,circle,green,small,0.1478,6,4,4,2,2,no,0,NA,NA
36,B,Q,1,23,2,C,rectangle,green,small,0.1966,8,4,3,3,1,no,0,NA,NA
36,B,Q,1,24,14,C,square,red,big,0.0122,6,4,3,2,2,no,0,NA,NA
36,B,Q,1,25,9,D,triangle,blue,big,0.0575,5,3,3,2,1,no,0,NA,NA
36,B,Q,0,26,24,D,triangle,blue,small,0.0332,5,4,3,3,1,no,0,NA,NA
36,B,Q,1,27,25,D,triangle,white,small,0.1462,9,4,5,3,1,yes,1,no,E
36,B,Q,0,28,6,D,square,green,small,0.0976,5,4,4,2,2,no,0,NA,NA
36,B,Q,0,29,10,D,rectangle,white,big,0.0515,6,3,3,2,1,yes,1,no,E
36,B,Q,0,30,1,D,triangle,blue,small,0.0472,9,3,5,2,1,no,0,NA,NA
36,B,Q,1,31,22,D,square,green,big,0.0669,5,4,4,2,2,no,0,NA,NA
36,B,Q,1,32,30,D,square,red,small,0.2043,6,3,4,2,1,yes,1,no,E
37,B,Q,1,1,8,A,triangle,blue,big,0.1491,7,5,5,2,3,no,0,NA,NA
37,B,Q,1,2,31,A,square,yellow,small,0.1783,5,3,3,2,1,yes,1,yes,B
37,B,Q,1,3,28,A,circle,yellow,small,0.153,6,4,4,2,2,no,0,NA,NA
37,B,Q,0,4,29,A,circle,green,small,0.0541,6,4,5,3,1,no,0,NA,NA
37,B,Q,1,5,16,A,triangle,yellow,big,0.003,5,4,3,2,2,yes,1,yes,G
37,B,Q,0,6,27,A,rectangle,green,small,0.0438,6,3,4,2,1,no,0,NA,NA
37,B,Q,1,7,7,A,square,blue,small,0.0673,7,5,5,4,1,yes,1,yes,G
37,B,Q,1,8,13,A,circle,white,big,0.0692,8,6,5,3,3,no,0,NA,NA
37,B,Q,1,9,18,B,rectangle,yellow,big,0.0225,9,3,4,2,1,no,0,NA,NA
37,B,Q,1,10,19,B,rectangle,red,big,0.1169,8,4,4,2,2,yes,1,yes,G
37,B,Q,1,11,17,B,triangle,white,big,0.0868,6,4,5,2,2,no,0,NA,NA
37,B,Q,0,12,5,B,circle,white,small,0.1415,9,4,5,3,1,no,0,NA,NA
37,B,Q,1,13,3,B,rectangle,white,small,0.0032,9,4,5,3,1,yes,1,yes,G
37,B,Q,1,14,20,B,circle,green,big,0.0416,6,3,4,2,1,yes,1,yes,G
37,B,Q,1,15,12,B,circle,blue,big,0.2068,7,4,4,2,2,no,0,NA,NA
37,B,Q,0,16,23,B,square,blue,big,0.163,5,4,4,2,2,no,0,NA,NA
37,B,Q,1,17,21,C,circle,yellow,big,0.0633,6,5,4,2,3,yes,1,yes,G
37,B,Q,1,18,0,C,triangle,yellow,small,0.1932,7,6,4,5,1,yes,1,yes,G
37,B,Q,1,19,11,C,rectangle,red,big,0.0565,9,4,5,3,1,yes,1,yes,B
37,B,Q,1,20,15,C,square,green,big,0.0335,5,3,3,2,1,no,0,NA,NA
37,B,Q,1,21,26,C,rectangle,blue,small,0.1361,8,4,5,3,1,no,0,NA,NA
37,B,Q,1,22,4,C,circle,green,small,0.1478,6,4,4,2,2,no,0,NA,NA
37,B,Q,1,23,2,C,rectangle,green,small,0.1966,8,4,3,3,1,no,0,NA,NA
37,B,Q,1,24,14,C,square,red,big,0.0122,6,4,3,2,2,yes,1,yes,G
37,B,Q,1,25,9,D,triangle,blue,big,0.0575,5,3,3,2,1,no,0,NA,NA
37,B,Q,0,26,24,D,triangle,blue,small,0.0332,5,4,3,3,1,no,0,NA,NA
37,B,Q,1,27,25,D,triangle,white,small,0.1462,9,4,5,3,1,no,0,NA,NA
37,B,Q,1,28,6,D,square,green,small,0.0976,5,4,4,2,2,no,0,NA,NA
37,B,Q,1,29,10,D,rectangle,white,big,0.0515,6,3,3,2,1,no,0,NA,NA
37,B,Q,1,30,1,D,triangle,blue,small,0.0472,9,3,5,2,1,yes,1,yes,B
37,B,Q,1,31,22,D,square,green,big,0.0669,5,4,4,2,2,no,0,NA,NA
37,B,Q,1,32,30,D,square,red,small,0.2043,6,3,4,2,1,yes,1,yes,G
38,B,Q,1,1,8,A,triangle,blue,big,0.1491,7,5,5,2,3,no,0,NA,NA
38,B,Q,0,2,31,A,square,yellow,small,0.1783,5,3,3,2,1,no,0,NA,NA
38,B,Q,1,3,28,A,circle,yellow,small,0.153,6,4,4,2,2,no,0,NA,NA
38,B,Q,1,4,29,A,circle,green,small,0.0541,6,4,5,3,1,no,0,NA,NA
38,B,Q,1,5,16,A,triangle,yellow,big,0.003,5,4,3,2,2,no,0,NA,NA
38,B,Q,1,6,27,A,rectangle,green,small,0.0438,6,3,4,2,1,no,0,NA,NA
38,B,Q,1,7,7,A,square,blue,small,0.0673,7,5,5,4,1,no,0,NA,NA
38,B,Q,0,8,13,A,circle,white,big,0.0692,8,6,5,3,3,no,0,NA,NA
38,B,Q,0,9,18,B,rectangle,yellow,big,0.0225,9,3,4,2,1,yes,2,no,D
38,B,Q,0,10,19,B,rectangle,red,big,0.1169,8,4,4,2,2,no,0,NA,NA
38,B,Q,1,11,17,B,triangle,white,big,0.0868,6,4,5,2,2,no,0,NA,NA
38,B,Q,1,12,5,B,circle,white,small,0.1415,9,4,5,3,1,no,0,NA,NA
38,B,Q,1,13,3,B,rectangle,white,small,0.0032,9,4,5,3,1,no,0,NA,NA
38,B,Q,1,14,20,B,circle,green,big,0.0416,6,3,4,2,1,yes,1,no,D
38,B,Q,1,15,12,B,circle,blue,big,0.2068,7,4,4,2,2,no,0,NA,NA
38,B,Q,0,16,23,B,square,blue,big,0.163,5,4,4,2,2,no,0,NA,NA
38,B,Q,0,17,21,C,circle,yellow,big,0.0633,6,5,4,2,3,no,0,NA,NA
38,B,Q,1,18,0,C,triangle,yellow,small,0.1932,7,6,4,5,1,no,0,NA,NA
38,B,Q,0,19,11,C,rectangle,red,big,0.0565,9,4,5,3,1,no,0,NA,NA
38,B,Q,0,20,15,C,square,green,big,0.0335,5,3,3,2,1,no,0,NA,NA
38,B,Q,1,21,26,C,rectangle,blue,small,0.1361,8,4,5,3,1,no,0,NA,NA
38,B,Q,1,22,4,C,circle,green,small,0.1478,6,4,4,2,2,no,0,NA,NA
38,B,Q,1,23,2,C,rectangle,green,small,0.1966,8,4,3,3,1,no,0,NA,NA
38,B,Q,1,24,14,C,square,red,big,0.0122,6,4,3,2,2,no,0,NA,NA
38,B,Q,1,25,9,D,triangle,blue,big,0.0575,5,3,3,2,1,no,0,NA,NA
38,B,Q,1,26,24,D,triangle,blue,small,0.0332,5,4,3,3,1,no,0,NA,NA
38,B,Q,1,27,25,D,triangle,white,small,0.1462,9,4,5,3,1,no,0,NA,NA
38,B,Q,1,28,6,D,square,green,small,0.0976,5,4,4,2,2,no,0,NA,NA
38,B,Q,0,29,10,D,rectangle,white,big,0.0515,6,3,3,2,1,no,0,NA,NA
38,B,Q,1,30,1,D,triangle,blue,small,0.0472,9,3,5,2,1,no,0,NA,NA
38,B,Q,1,31,22,D,square,green,big,0.0669,5,4,4,2,2,no,0,NA,NA
38,B,Q,1,32,30,D,square,red,small,0.2043,6,3,4,2,1,no,0,NA,NA
39,B,Q,1,1,8,A,triangle,blue,big,0.1491,7,5,5,2,3,no,0,NA,NA
39,B,Q,1,2,31,A,square,yellow,small,0.1783,5,3,3,2,1,no,0,NA,NA
39,B,Q,1,3,28,A,circle,yellow,small,0.153,6,4,4,2,2,no,0,NA,NA
39,B,Q,1,4,29,A,circle,green,small,0.0541,6,4,5,3,1,no,0,NA,NA
39,B,Q,0,5,16,A,triangle,yellow,big,0.003,5,4,3,2,2,no,0,NA,NA
39,B,Q,1,6,27,A,rectangle,green,small,0.0438,6,3,4,2,1,no,0,NA,NA
39,B,Q,0,7,7,A,square,blue,small,0.0673,7,5,5,4,1,no,0,NA,NA
39,B,Q,1,8,13,A,circle,white,big,0.0692,8,6,5,3,3,no,0,NA,NA
39,B,Q,1,9,18,B,rectangle,yellow,big,0.0225,9,3,4,2,1,no,0,NA,NA
39,B,Q,1,10,19,B,rectangle,red,big,0.1169,8,4,4,2,2,no,0,NA,NA
39,B,Q,1,11,17,B,triangle,white,big,0.0868,6,4,5,2,2,no,0,NA,NA
39,B,Q,0,12,5,B,circle,white,small,0.1415,9,4,5,3,1,no,0,NA,NA
39,B,Q,0,13,3,B,rectangle,white,small,0.0032,9,4,5,3,1,no,0,NA,NA
39,B,Q,0,14,20,B,circle,green,big,0.0416,6,3,4,2,1,no,0,NA,NA
39,B,Q,1,15,12,B,circle,blue,big,0.2068,7,4,4,2,2,no,0,NA,NA
39,B,Q,1,16,23,B,square,blue,big,0.163,5,4,4,2,2,no,0,NA,NA
39,B,Q,1,17,21,C,circle,yellow,big,0.0633,6,5,4,2,3,no,0,NA,NA
39,B,Q,0,18,0,C,triangle,yellow,small,0.1932,7,6,4,5,1,no,0,NA,NA
39,B,Q,0,19,11,C,rectangle,red,big,0.0565,9,4,5,3,1,no,0,NA,NA
39,B,Q,1,20,15,C,square,green,big,0.0335,5,3,3,2,1,no,0,NA,NA
39,B,Q,0,21,26,C,rectangle,blue,small,0.1361,8,4,5,3,1,no,0,NA,NA
39,B,Q,1,22,4,C,circle,green,small,0.1478,6,4,4,2,2,no,0,NA,NA
39,B,Q,0,23,2,C,rectangle,green,small,0.1966,8,4,3,3,1,yes,1,no,E
39,B,Q,1,24,14,C,square,red,big,0.0122,6,4,3,2,2,no,0,NA,NA
39,B,Q,1,25,9,D,triangle,blue,big,0.0575,5,3,3,2,1,no,0,NA,NA
39,B,Q,0,26,24,D,triangle,blue,small,0.0332,5,4,3,3,1,no,0,NA,NA
39,B,Q,0,27,25,D,triangle,white,small,0.1462,9,4,5,3,1,yes,1,no,A
39,B,Q,1,28,6,D,square,green,small,0.0976,5,4,4,2,2,no,0,NA,NA
39,B,Q,1,29,10,D,rectangle,white,big,0.0515,6,3,3,2,1,no,0,NA,NA
39,B,Q,0,30,1,D,triangle,blue,small,0.0472,9,3,5,2,1,no,0,NA,NA
39,B,Q,1,31,22,D,square,green,big,0.0669,5,4,4,2,2,no,0,NA,NA
39,B,Q,1,32,30,D,square,red,small,0.2043,6,3,4,2,1,no,0,NA,NA
40,B,Q,1,1,8,A,triangle,blue,big,0.1491,7,5,5,2,3,no,0,NA,NA
40,B,Q,0,2,31,A,square,yellow,small,0.1783,5,3,3,2,1,no,0,NA,NA
40,B,Q,0,3,28,A,circle,yellow,small,0.153,6,4,4,2,2,no,0,NA,NA
40,B,Q,0,4,29,A,circle,green,small,0.0541,6,4,5,3,1,no,0,NA,NA
40,B,Q,1,5,16,A,triangle,yellow,big,0.003,5,4,3,2,2,no,0,NA,NA
40,B,Q,1,6,27,A,rectangle,green,small,0.0438,6,3,4,2,1,yes,2,yes,B
40,B,Q,1,7,7,A,square,blue,small,0.0673,7,5,5,4,1,yes,1,no,B
40,B,Q,0,8,13,A,circle,white,big,0.0692,8,6,5,3,3,no,0,NA,NA
40,B,Q,1,9,18,B,rectangle,yellow,big,0.0225,9,3,4,2,1,no,0,NA,NA
40,B,Q,1,10,19,B,rectangle,red,big,0.1169,8,4,4,2,2,yes,1,yes,B
40,B,Q,1,11,17,B,triangle,white,big,0.0868,6,4,5,2,2,yes,1,yes,B
40,B,Q,1,12,5,B,circle,white,small,0.1415,9,4,5,3,1,yes,1,no,B
40,B,Q,1,13,3,B,rectangle,white,small,0.0032,9,4,5,3,1,yes,1,no,B
40,B,Q,1,14,20,B,circle,green,big,0.0416,6,3,4,2,1,yes,1,yes,B
40,B,Q,1,15,12,B,circle,blue,big,0.2068,7,4,4,2,2,yes,1,yes,B
40,B,Q,1,16,23,B,square,blue,big,0.163,5,4,4,2,2,yes,1,yes,B
40,B,Q,1,17,21,C,circle,yellow,big,0.0633,6,5,4,2,3,yes,1,yes,B
40,B,Q,1,18,0,C,triangle,yellow,small,0.1932,7,6,4,5,1,yes,1,no,B
40,B,Q,1,19,11,C,rectangle,red,big,0.0565,9,4,5,3,1,yes,1,yes,B
40,B,Q,1,20,15,C,square,green,big,0.0335,5,3,3,2,1,yes,1,yes,B
40,B,Q,1,21,26,C,rectangle,blue,small,0.1361,8,4,5,3,1,yes,1,no,B
40,B,Q,1,22,4,C,circle,green,small,0.1478,6,4,4,2,2,yes,1,yes,B
40,B,Q,1,23,2,C,rectangle,green,small,0.1966,8,4,3,3,1,yes,1,no,B
40,B,Q,1,24,14,C,square,red,big,0.0122,6,4,3,2,2,yes,1,yes,B
40,B,Q,1,25,9,D,triangle,blue,big,0.0575,5,3,3,2,1,yes,1,yes,B
40,B,Q,1,26,24,D,triangle,blue,small,0.0332,5,4,3,3,1,yes,1,no,B
40,B,Q,1,27,25,D,triangle,white,small,0.1462,9,4,5,3,1,yes,1,no,B
40,B,Q,1,28,6,D,square,green,small,0.0976,5,4,4,2,2,yes,1,yes,B
40,B,Q,1,29,10,D,rectangle,white,big,0.0515,6,3,3,2,1,yes,1,yes,B
40,B,Q,1,30,1,D,triangle,blue,small,0.0472,9,3,5,2,1,yes,2,yes,B
40,B,Q,1,31,22,D,square,green,big,0.0669,5,4,4,2,2,yes,1,yes,B
40,B,Q,1,32,30,D,square,red,small,0.2043,6,3,4,2,1,yes,1,yes,B
